name,axis,value,n,tp,recall,delay_median
MSC16@0.25,axis,0,192,42,0.21875,47.5
MSC16@0.25,axis,1,192,151,0.7864583333333334,29.0
MSC16@0.25,axis,2,192,142,0.7395833333333334,30.0
MSC16@0.25,range,500,144,92,0.6388888888888888,28.0
MSC16@0.25,range,1000,144,84,0.5833333333333334,29.5
MSC16@0.25,range,1500,144,71,0.4930555555555556,31.0
MSC16@0.25,range,2000,144,88,0.6111111111111112,31.0
MSC16@0.25,geometry,0,144,90,0.625,30.5
MSC16@0.25,geometry,1,144,87,0.6041666666666666,30.0
MSC16@0.25,geometry,2,144,71,0.4930555555555556,30.0
MSC16@0.25,geometry,3,144,87,0.6041666666666666,29.0
MSC16@0.5,axis,0,192,47,0.24479166666666666,44.0
MSC16@0.5,axis,1,192,154,0.8020833333333334,28.0
MSC16@0.5,axis,2,192,145,0.7552083333333334,31.0
MSC16@0.5,range,500,144,91,0.6319444444444444,27.0
MSC16@0.5,range,1000,144,89,0.6180555555555556,28.0
MSC16@0.5,range,1500,144,76,0.5277777777777778,31.5
MSC16@0.5,range,2000,144,90,0.625,31.5
MSC16@0.5,geometry,0,144,92,0.6388888888888888,31.0
MSC16@0.5,geometry,1,144,84,0.5833333333333334,30.0
MSC16@0.5,geometry,2,144,82,0.5694444444444444,29.0
MSC16@0.5,geometry,3,144,88,0.6111111111111112,28.0
MSC16@1,axis,0,192,49,0.2552083333333333,44.0
MSC16@1,axis,1,192,154,0.8020833333333334,27.5
MSC16@1,axis,2,192,145,0.7552083333333334,29.0
MSC16@1,range,500,144,91,0.6319444444444444,26.0
MSC16@1,range,1000,144,89,0.6180555555555556,28.0
MSC16@1,range,1500,144,76,0.5277777777777778,32.5
MSC16@1,range,2000,144,92,0.6388888888888888,31.0
MSC16@1,geometry,0,144,94,0.6527777777777778,31.0
MSC16@1,geometry,1,144,84,0.5833333333333334,29.0
MSC16@1,geometry,2,144,82,0.5694444444444444,29.0
MSC16@1,geometry,3,144,88,0.6111111111111112,28.0
MSC16@2,axis,0,192,53,0.2760416666666667,42.0
MSC16@2,axis,1,192,154,0.8020833333333334,28.0
MSC16@2,axis,2,192,149,0.7760416666666666,30.0
MSC16@2,range,500,144,93,0.6458333333333334,27.0
MSC16@2,range,1000,144,94,0.6527777777777778,28.0
MSC16@2,range,1500,144,78,0.5416666666666666,32.0
MSC16@2,range,2000,144,91,0.6319444444444444,31.0
MSC16@2,geometry,0,144,93,0.6458333333333334,31.0
MSC16@2,geometry,1,144,87,0.6041666666666666,29.0
MSC16@2,geometry,2,144,85,0.5902777777777778,29.0
MSC16@2,geometry,3,144,91,0.6319444444444444,28.0
SS8@0.25,axis,0,192,41,0.21354166666666666,49.0
SS8@0.25,axis,1,192,151,0.7864583333333334,29.0
SS8@0.25,axis,2,192,146,0.7604166666666666,31.0
SS8@0.25,range,500,144,97,0.6736111111111112,29.0
SS8@0.25,range,1000,144,82,0.5694444444444444,31.0
SS8@0.25,range,1500,144,70,0.4861111111111111,32.0
SS8@0.25,range,2000,144,89,0.6180555555555556,35.0
SS8@0.25,geometry,0,144,91,0.6319444444444444,33.0
SS8@0.25,geometry,1,144,86,0.5972222222222222,31.0
SS8@0.25,geometry,2,144,70,0.4861111111111111,31.0
SS8@0.25,geometry,3,144,91,0.6319444444444444,31.0
SS8@0.5,axis,0,192,41,0.21354166666666666,45.0
SS8@0.5,axis,1,192,153,0.796875,28.0
SS8@0.5,axis,2,192,144,0.75,30.0
SS8@0.5,range,500,144,93,0.6458333333333334,28.0
SS8@0.5,range,1000,144,83,0.5763888888888888,29.0
SS8@0.5,range,1500,144,73,0.5069444444444444,31.0
SS8@0.5,range,2000,144,89,0.6180555555555556,33.0
SS8@0.5,geometry,0,144,92,0.6388888888888888,31.0
SS8@0.5,geometry,1,144,85,0.5902777777777778,29.0
SS8@0.5,geometry,2,144,73,0.5069444444444444,29.0
SS8@0.5,geometry,3,144,88,0.6111111111111112,29.0
SS8@1,axis,0,192,44,0.22916666666666666,45.5
SS8@1,axis,1,192,148,0.7708333333333334,28.0
SS8@1,axis,2,192,143,0.7447916666666666,30.0
SS8@1,range,500,144,93,0.6458333333333334,27.0
SS8@1,range,1000,144,84,0.5833333333333334,30.0
SS8@1,range,1500,144,72,0.5,31.0
SS8@1,range,2000,144,86,0.5972222222222222,31.0
SS8@1,geometry,0,144,89,0.6180555555555556,30.0
SS8@1,geometry,1,144,86,0.5972222222222222,29.0
SS8@1,geometry,2,144,72,0.5,31.5
SS8@1,geometry,3,144,88,0.6111111111111112,28.0
SS8@2,axis,0,192,45,0.234375,46.0
SS8@2,axis,1,192,148,0.7708333333333334,28.0
SS8@2,axis,2,192,141,0.734375,30.0
SS8@2,range,500,144,92,0.6388888888888888,26.0
SS8@2,range,1000,144,83,0.5763888888888888,30.0
SS8@2,range,1500,144,73,0.5069444444444444,31.0
SS8@2,range,2000,144,86,0.5972222222222222,31.0
SS8@2,geometry,0,144,88,0.6111111111111112,30.0
SS8@2,geometry,1,144,86,0.5972222222222222,30.0
SS8@2,geometry,2,144,72,0.5,31.0
SS8@2,geometry,3,144,88,0.6111111111111112,27.5
