dataset,req,group,n,position_raw_under_percent,position_guard_under_percent,position_guard_under_p95,position_guard_under_max,position_guard_under_conditional_p95,position_truth_over_percent,velocity_raw_under_percent,velocity_guard_under_percent,velocity_guard_under_p95,velocity_guard_under_max,velocity_guard_under_conditional_p95,velocity_truth_over_percent,off_unsafe
original,500,all,42816,5.030829596412556,0.1891816143497758,0.0,38.630088470542155,28.884913739021485,0.0,10.872103886397607,0.0,0.0,0.0,,0.0,0
original,500,near,8794,3.9799863543324996,0.0,0.0,0.0,,0.0,6.618148737775756,0.0,0.0,0.0,,0.0,0
original,500,off,41613,5.0801432244731215,0.19465071011462765,0.0,38.630088470542155,28.884913739021485,0.0,11.04702857280177,0.0,0.0,0.0,,0.0,0
original,1000,all,42816,5.483931240657698,1.9735612855007474,0.0,95.34127474532141,90.53745776362665,0.0,7.74009715994021,2.690582959641256,0.0,4.116235872631453,3.2573013440791443,0.0,0
original,1000,near,4847,2.8883845677738806,0.6808335052609862,0.0,88.93373403355827,73.48726312511776,0.0,5.240354858675469,2.661440066020219,0.0,3.605367507791291,3.305857887170562,0.0,0
original,1000,off,42431,5.521906153519832,1.9867549668874174,0.0,95.34127474532141,90.54808172169069,0.0,7.786759680422333,2.69849873912941,0.0,4.116235872631453,3.2536100495483082,0.0,0
original,1500,all,42816,3.2277653213751867,0.32230941704035876,0.0,44.180669562635124,31.024678673393886,0.0,6.058482810164424,0.07240284005979074,0.0,0.6416864372393141,0.6253536308607162,0.0,0
original,1500,near,4628,0.4105445116681072,0.0,0.0,0.0,,0.0,3.759723422644771,0.06482281763180639,0.0,0.2188730331589852,0.2086002507246361,0.0,0
original,1500,off,42549,3.2456696984652993,0.32433194669674964,0.0,44.180669562635124,31.024678673393886,0.0,6.087099579308562,0.07285717643187854,0.0,0.6416864372393141,0.6253536308607162,0.0,0
unseen,500,all,42816,4.6921711509716,0.249906576980568,0.0,37.19156862792296,20.575983335509836,0.0,11.01924514200299,0.0,0.0,0.0,,0.0,0
unseen,500,near,8915,3.914750420639372,0.0,0.0,0.0,,0.0,8.367919237240606,0.0,0.0,0.0,,0.0,0
unseen,500,off,41598,4.728592720803885,0.25722390499543246,0.0,37.19156862792296,20.575983335509836,0.0,11.159190345689698,0.0,0.0,0.0,,0.0,0
unseen,1000,all,42816,3.377242152466368,1.4410500747384156,0.0,209.98020269641938,119.23686054325101,0.0,7.345384902840061,2.8891068759342304,0.0,7.576588681426562,4.168967006232046,0.0,0
unseen,1000,near,4875,0.9641025641025641,0.1846153846153846,0.0,106.24784735439346,101.00646772153615,0.0,5.292307692307692,3.2205128205128206,0.0,3.490308519405322,2.9551442503095067,0.0,0
unseen,1000,off,42415,3.4020983142756105,1.4523163975008841,0.0,209.98020269641938,119.34780193017512,0.0,7.395968407403042,2.909348107980667,0.0,7.576588681426562,4.172725582562965,0.0,0
unseen,1500,all,42816,3.071281763826607,0.35500747384155457,0.0,25.194178562382056,18.868915598685994,0.0,6.534940209267563,0.2195440956651719,0.0,2.0668244546745314,1.8318058359955152,0.0,0
unseen,1500,near,4446,0.02249212775528565,0.0,0.0,0.0,,0.0,2.834008097165992,0.6972559604138552,0.0,1.7227756316513307,1.6619858141220414,0.0,0
unseen,1500,off,42546,3.0907723405255485,0.3572603770037136,0.0,25.194178562382056,18.868915598685994,0.0,6.574061016311757,0.2209373384101913,0.0,2.0668244546745314,1.8318058359955152,0.0,0
