name,axis,value,n_events,tp,fp,fn,precision,recall,f1,delay_median,delay_p95,late,repeat,unassociated
MSC16,freq,5,576,336,238,240,0.5853658536585366,0.5833333333333334,0.5843478260869566,34.0,58.0,204,0,34
MSC16,freq,10,576,353,315,223,0.5284431137724551,0.6128472222222222,0.567524115755627,32.0,57.0,237,0,78
MSC16,freq,15,576,361,335,215,0.5186781609195402,0.6267361111111112,0.5676100628930818,31.0,54.0,261,0,74
MSC16,freq,20,576,360,394,216,0.47745358090185674,0.625,0.5413533834586466,27.0,55.0,308,0,86
MSC16,level,0,288,30,133,258,0.18404907975460122,0.10416666666666667,0.13303769401330376,49.5,58.55,110,0,23
MSC16,level,1,288,137,120,151,0.5330739299610895,0.4756944444444444,0.5027522935779817,46.0,58.19999999999999,101,0,19
MSC16,level,2,288,190,106,98,0.6418918918918919,0.6597222222222222,0.6506849315068494,38.0,57.54999999999998,90,0,16
MSC16,level,3,288,217,104,71,0.67601246105919,0.7534722222222222,0.7126436781609196,34.0,52.0,83,0,21
MSC16,level,4,288,194,169,94,0.5344352617079889,0.6736111111111112,0.5960061443932412,29.0,55.0,128,0,41
MSC16,level,5,288,232,177,56,0.5672371638141809,0.8055555555555556,0.6657101865136298,28.0,51.44999999999999,144,0,33
MSC16,level,6,288,200,234,88,0.4608294930875576,0.6944444444444444,0.554016620498615,26.0,50.04999999999998,168,0,66
MSC16,level,7,288,210,239,78,0.46770601336302897,0.7291666666666666,0.5698778833107191,25.0,51.0,186,0,53
MSC16,range_bin_km,500,576,373,403,203,0.4806701030927835,0.6475694444444444,0.5517751479289941,29.0,53.0,298,0,105
MSC16,range_bin_km,1000,576,355,335,221,0.5144927536231884,0.6163194444444444,0.5608214849921012,30.0,55.0,271,0,64
MSC16,range_bin_km,1500,576,304,297,272,0.5058236272878536,0.5277777777777778,0.5165675446049278,33.0,57.0,235,0,62
MSC16,range_bin_km,2000,576,378,247,198,0.6048,0.65625,0.6294754371357202,33.0,57.0,206,0,41
SS2,freq,5,576,267,200,309,0.5717344753747323,0.4635416666666667,0.5119846596356663,38.0,55.0,163,0,37
SS2,freq,10,576,322,203,254,0.6133333333333333,0.5590277777777778,0.5849227974568574,34.0,57.94999999999999,160,0,43
SS2,freq,15,576,346,254,230,0.5766666666666667,0.6006944444444444,0.5884353741496599,31.0,55.0,209,0,45
SS2,freq,20,576,345,263,231,0.5674342105263158,0.5989583333333334,0.5827702702702703,30.0,55.0,225,0,38
SS2,level,0,288,19,83,269,0.18627450980392157,0.06597222222222222,0.09743589743589744,32.0,58.099999999999994,61,0,22
SS2,level,1,288,80,139,208,0.365296803652968,0.2777777777777778,0.3155818540433925,47.0,59.05,122,0,17
SS2,level,2,288,135,126,153,0.5172413793103449,0.46875,0.4918032786885246,42.0,58.3,105,0,21
SS2,level,3,288,199,79,89,0.7158273381294964,0.6909722222222222,0.7031802120141343,38.0,56.0,61,0,18
SS2,level,4,288,195,90,93,0.6842105263157895,0.6770833333333334,0.680628272251309,32.0,53.0,76,0,14
SS2,level,5,288,228,109,60,0.6765578635014837,0.7916666666666666,0.7296,30.0,53.64999999999998,90,0,19
SS2,level,6,288,210,147,78,0.5882352941176471,0.7291666666666666,0.6511627906976745,29.0,54.0,125,0,22
SS2,level,7,288,214,147,74,0.592797783933518,0.7430555555555556,0.6594761171032357,27.0,48.349999999999994,117,0,30
SS2,range_bin_km,500,576,373,269,203,0.5809968847352025,0.6475694444444444,0.6124794745484401,30.0,53.0,216,0,53
SS2,range_bin_km,1000,576,318,243,258,0.5668449197860963,0.5520833333333334,0.5593667546174143,32.0,56.0,199,0,44
SS2,range_bin_km,1500,576,264,212,312,0.5546218487394958,0.4583333333333333,0.5019011406844106,35.0,56.849999999999994,167,0,45
SS2,range_bin_km,2000,576,325,196,251,0.6238003838771593,0.5642361111111112,0.5925250683682771,35.0,56.0,175,0,21
SS8,freq,5,576,324,234,252,0.5806451612903226,0.5625,0.5714285714285714,34.0,57.849999999999966,192,0,42
SS8,freq,10,576,346,307,230,0.5298621745788668,0.6006944444444444,0.5630593978844589,31.0,55.0,235,0,72
SS8,freq,15,576,366,321,210,0.5327510917030568,0.6354166666666666,0.5795724465558195,31.0,54.0,241,0,80
SS8,freq,20,576,355,367,221,0.4916897506925208,0.6163194444444444,0.5469953775038521,27.0,54.30000000000001,293,0,74
SS8,level,0,288,31,128,257,0.1949685534591195,0.1076388888888889,0.13870246085011187,49.0,59.0,103,0,25
SS8,level,1,288,123,128,165,0.4900398406374502,0.4270833333333333,0.45640074211502785,46.0,58.0,107,0,21
SS8,level,2,288,180,114,108,0.6122448979591837,0.625,0.6185567010309279,38.0,57.0,91,0,23
SS8,level,3,288,208,109,80,0.6561514195583596,0.7222222222222222,0.687603305785124,33.0,52.0,84,0,25
SS8,level,4,288,193,159,95,0.5482954545454546,0.6701388888888888,0.603125,30.0,54.0,115,0,44
SS8,level,5,288,234,160,54,0.5939086294416244,0.8125,0.6862170087976539,28.0,51.349999999999994,126,0,34
SS8,level,6,288,207,212,81,0.49403341288782815,0.71875,0.5855728429985856,26.0,48.69999999999999,159,0,53
SS8,level,7,288,215,219,73,0.49539170506912444,0.7465277777777778,0.5955678670360111,24.0,52.0,176,0,43
SS8,range_bin_km,500,576,373,384,203,0.49273447820343463,0.6475694444444444,0.5596399099774944,28.0,53.0,289,0,95
SS8,range_bin_km,1000,576,352,319,224,0.5245901639344263,0.6111111111111112,0.5645549318364074,30.0,55.0,260,0,59
SS8,range_bin_km,1500,576,299,284,277,0.5128644939965694,0.5190972222222222,0.5159620362381363,33.0,57.0,215,0,69
SS8,range_bin_km,2000,576,367,242,209,0.6026272577996716,0.6371527777777778,0.619409282700422,33.0,56.0,197,0,45
SS30,freq,5,576,331,280,245,0.5417348608837971,0.5746527777777778,0.5577085088458298,35.0,57.0,224,0,56
SS30,freq,10,576,364,351,212,0.509090909090909,0.6319444444444444,0.5639039504260264,34.0,56.0,256,0,95
SS30,freq,15,576,357,352,219,0.5035260930888575,0.6197916666666666,0.5556420233463035,33.0,55.19999999999999,266,0,86
SS30,freq,20,576,373,437,203,0.4604938271604938,0.6475694444444444,0.5382395382395382,31.0,55.0,333,0,104
SS30,level,0,288,38,156,250,0.1958762886597938,0.13194444444444445,0.15767634854771784,50.5,60.0,126,0,30
SS30,level,1,288,137,145,151,0.4858156028368794,0.4756944444444444,0.4807017543859649,45.0,56.19999999999999,114,0,31
SS30,level,2,288,190,124,98,0.6050955414012739,0.6597222222222222,0.6312292358803987,40.0,58.0,92,0,32
SS30,level,3,288,207,139,81,0.5982658959537572,0.71875,0.6529968454258676,36.0,52.0,106,0,33
SS30,level,4,288,201,176,87,0.53315649867374,0.6979166666666666,0.6045112781954888,32.0,54.0,135,0,41
SS30,level,5,288,230,194,58,0.5424528301886793,0.7986111111111112,0.6460674157303371,32.0,53.54999999999998,148,0,46
SS30,level,6,288,209,237,79,0.46860986547085204,0.7256944444444444,0.5694822888283378,28.0,53.19999999999999,176,0,61
SS30,level,7,288,213,249,75,0.461038961038961,0.7395833333333334,0.568,27.0,52.39999999999998,182,0,67
SS30,range_bin_km,500,576,385,432,191,0.47123623011015914,0.6684027777777778,0.5527638190954773,31.0,54.0,314,0,118
SS30,range_bin_km,1000,576,359,359,217,0.5,0.6232638888888888,0.5548686244204019,32.0,56.0,282,0,77
SS30,range_bin_km,1500,576,314,323,262,0.49293563579277866,0.5451388888888888,0.517724649629019,35.0,57.0,256,0,67
SS30,range_bin_km,2000,576,367,306,209,0.5453194650817236,0.6371527777777778,0.5876701361088871,35.0,56.0,227,0,79
