req,source,name,n,position_rmse,velocity_rmse,position_peak,velocity_peak,bad_arcs,bad_fraction,longest_bad,laser_time,laser_all_time,position_coverage,velocity_coverage,event_position_rmse,event_velocity_rmse,event_position_peak_mean
500,MSC-GP,MSC-GP estimator,768,39.51686075622658,2.2066795777135915,386.3610751649422,18.5507705441477,0,0.0,0.0,36.17456597222222,66.16642795138888,0.9185755143553068,0.8415204899979271,40.664741653446,2.576176119094556,70.1769477822122
500,MSC-GP,EKF,768,36.590468917334654,1.7544832939245936,392.7964385952259,10.991246535350646,0,0.0,0.0,36.17456597222222,66.16642795138888,0.8965814158374793,0.8413307162106136,37.76135178167159,2.679213402169864,64.45484227052148
500,MSC-GP,IMM-EKF,768,33.7176188668829,1.7725851106168116,366.6028637229055,10.585116062980925,0,0.0,0.0,36.17456597222222,66.16642795138888,0.9764448914282752,0.8933951660966004,35.38657771910501,2.2036436722896524,63.33659140541272
500,Periodic,MSC-GP estimator,768,38.63418476693029,2.195769587538474,423.08910785103444,20.692481472320363,0,0.0,0.0,39.876475694444444,69.86833767361111,0.9185147504664178,0.8412031962582919,38.815004257712474,2.5353790261759133,66.74559713339312
500,Periodic,EKF,768,34.57583176008126,1.7166854209958398,334.8636793256078,11.00713897240571,0,0.0,0.0,39.876475694444444,69.86833767361111,0.8973150523424543,0.8426116163971807,36.53352346151606,2.6547419422638865,61.33682863763686
500,Periodic,IMM-EKF,768,32.0211064709375,1.7372612618725154,277.87792237571927,10.365856163687512,0,0.0,0.0,39.876475694444444,69.86833767361111,0.9788156224087894,0.8958294465174129,33.264099955945845,2.1582519482004776,59.09442636361004
1000,MSC-GP,MSC-GP estimator,768,92.16056645496282,2.910810320231309,893.02202382767,25.552137843283653,0,0.0,0.0,23.562456597222223,53.55431857638888,0.9142820403192372,0.8520246424129353,80.17107892789943,2.9570616728135084,132.5240146649106
1000,MSC-GP,EKF,768,96.4949025316585,2.2387424778528007,1189.6321672840322,12.596299567746435,17,0.00047794879767827533,30.1,23.562456597222223,53.55431857638888,0.8711371851679104,0.816323719941957,84.46414871964326,2.9181049152155545,104.5527555559912
1000,MSC-GP,IMM-EKF,768,82.97408021719461,2.3751405009866424,1078.1149209772118,20.49906042309506,1,6.607587064676616e-06,3.4,23.562456597222223,53.55431857638888,0.9679658348880599,0.8969478454083747,80.30119994974952,2.7093813484719167,126.66955804456127
1000,Periodic,MSC-GP estimator,768,47.79692533944193,2.4157298739381177,615.2254265013935,22.194918629500975,0,0.0,0.0,34.098719618055554,64.09058159722223,0.9206601432939469,0.8464061204394694,50.669835055647376,2.7896424285401396,85.46943578781841
1000,Periodic,EKF,768,40.88538079045925,1.807819630844663,398.289019661689,11.868570733235861,0,0.0,0.0,34.098719618055554,64.09058159722223,0.8937223064365671,0.838156224087894,46.92336256890303,2.82251194803001,76.2330750879202
1000,Periodic,IMM-EKF,768,39.19928287458589,1.8876686939799505,362.75485131630927,11.969953649450892,0,0.0,0.0,34.098719618055554,64.09058159722223,0.9760203863495024,0.8929758758291874,45.114294299012855,2.414460659803894,75.86097043927461
1500,MSC-GP,MSC-GP estimator,768,109.1668648782693,3.0823076043097744,1146.60759860898,25.399775320762576,0,0.0,0.0,21.782552083333332,51.7744140625,0.9335793687810945,0.8677385857172472,95.95673442609198,3.1984321805134526,159.79795618399814
1500,MSC-GP,EKF,768,100.27494885366835,2.38629379858686,1163.9271744393398,12.643981560265978,0,0.0,0.0,21.782552083333332,51.7744140625,0.868568906768242,0.8092920812603648,78.8305810971628,2.964416759464386,105.8316993664796
1500,MSC-GP,IMM-EKF,768,100.63159991581718,2.663826115975809,1286.88597794299,19.730189801265027,0,0.0,0.0,21.782552083333332,51.7744140625,0.9687423883188225,0.9048585199004974,93.80239048244458,2.936693710045685,144.25001548922148
1500,Periodic,MSC-GP estimator,768,92.25025723326247,3.040865395090057,1301.3582927214302,29.01757635042263,0,0.0,0.0,25.293229166666666,55.28509114583333,0.9233908258188226,0.8524710432213931,78.40944839539617,3.173662345185545,133.3963473324878
1500,Periodic,EKF,768,70.29613630984375,2.110929823083426,729.8621833540931,12.494090871406545,0,0.0,0.0,25.293229166666666,55.28509114583333,0.8777842234141792,0.8199349930037313,55.21589039579087,2.9244426157429646,86.2414684932716
1500,Periodic,IMM-EKF,768,73.17497059142316,2.3670821684439534,778.9934405725189,15.581371414418628,0,0.0,0.0,25.293229166666666,55.28509114583333,0.9705375790319236,0.8946110592868989,73.66457062413527,2.791544633961921,114.55188543617572
