dataset,req,method,axis,value,n,failed_tracks,failed_targets
original,500,MSC-GP,freq,5,192,0,0
original,500,MSC-GP,freq,10,192,0,0
original,500,MSC-GP,freq,15,192,0,0
original,500,MSC-GP,freq,20,192,0,0
original,500,MSC-GP,seed,260930401,256,0,0
original,500,MSC-GP,seed,260930402,256,0,0
original,500,MSC-GP,seed,260930403,256,0,0
original,500,Periodic,freq,5,192,0,0
original,500,Periodic,freq,10,192,0,0
original,500,Periodic,freq,15,192,0,0
original,500,Periodic,freq,20,192,0,0
original,500,Periodic,seed,260930401,256,0,0
original,500,Periodic,seed,260930402,256,0,0
original,500,Periodic,seed,260930403,256,0,0
original,500,RIT-fine,freq,5,192,0,0
original,500,RIT-fine,freq,10,192,4,3
original,500,RIT-fine,freq,15,192,1,1
original,500,RIT-fine,freq,20,192,0,0
original,500,RIT-fine,seed,260930401,256,1,1
original,500,RIT-fine,seed,260930402,256,3,3
original,500,RIT-fine,seed,260930403,256,1,1
original,500,Constant,freq,5,192,0,0
original,500,Constant,freq,10,192,0,0
original,500,Constant,freq,15,192,0,0
original,500,Constant,freq,20,192,0,0
original,500,Constant,seed,260930401,256,0,0
original,500,Constant,seed,260930402,256,0,0
original,500,Constant,seed,260930403,256,0,0
original,1000,MSC-GP,freq,5,192,0,0
original,1000,MSC-GP,freq,10,192,0,0
original,1000,MSC-GP,freq,15,192,0,0
original,1000,MSC-GP,freq,20,192,0,0
original,1000,MSC-GP,seed,260930401,256,0,0
original,1000,MSC-GP,seed,260930402,256,0,0
original,1000,MSC-GP,seed,260930403,256,0,0
original,1000,Periodic,freq,5,192,0,0
original,1000,Periodic,freq,10,192,0,0
original,1000,Periodic,freq,15,192,0,0
original,1000,Periodic,freq,20,192,0,0
original,1000,Periodic,seed,260930401,256,0,0
original,1000,Periodic,seed,260930402,256,0,0
original,1000,Periodic,seed,260930403,256,0,0
original,1000,RIT-fine,freq,5,192,1,1
original,1000,RIT-fine,freq,10,192,0,0
original,1000,RIT-fine,freq,15,192,0,0
original,1000,RIT-fine,freq,20,192,0,0
original,1000,RIT-fine,seed,260930401,256,0,0
original,1000,RIT-fine,seed,260930402,256,0,0
original,1000,RIT-fine,seed,260930403,256,1,1
original,1000,Constant,freq,5,192,2,2
original,1000,Constant,freq,10,192,1,1
original,1000,Constant,freq,15,192,0,0
original,1000,Constant,freq,20,192,0,0
original,1000,Constant,seed,260930401,256,1,1
original,1000,Constant,seed,260930402,256,1,1
original,1000,Constant,seed,260930403,256,1,1
original,1500,MSC-GP,freq,5,192,0,0
original,1500,MSC-GP,freq,10,192,0,0
original,1500,MSC-GP,freq,15,192,0,0
original,1500,MSC-GP,freq,20,192,0,0
original,1500,MSC-GP,seed,260930401,256,0,0
original,1500,MSC-GP,seed,260930402,256,0,0
original,1500,MSC-GP,seed,260930403,256,0,0
original,1500,Periodic,freq,5,192,0,0
original,1500,Periodic,freq,10,192,0,0
original,1500,Periodic,freq,15,192,0,0
original,1500,Periodic,freq,20,192,0,0
original,1500,Periodic,seed,260930401,256,0,0
original,1500,Periodic,seed,260930402,256,0,0
original,1500,Periodic,seed,260930403,256,0,0
original,1500,RIT-fine,freq,5,192,1,1
original,1500,RIT-fine,freq,10,192,0,0
original,1500,RIT-fine,freq,15,192,0,0
original,1500,RIT-fine,freq,20,192,0,0
original,1500,RIT-fine,seed,260930401,256,0,0
original,1500,RIT-fine,seed,260930402,256,0,0
original,1500,RIT-fine,seed,260930403,256,1,1
original,1500,Constant,freq,5,192,0,0
original,1500,Constant,freq,10,192,0,0
original,1500,Constant,freq,15,192,0,0
original,1500,Constant,freq,20,192,0,0
original,1500,Constant,seed,260930401,256,0,0
original,1500,Constant,seed,260930402,256,0,0
original,1500,Constant,seed,260930403,256,0,0
unseen_,500,MSC-GP,freq,5,192,0,0
unseen_,500,MSC-GP,freq,10,192,0,0
unseen_,500,MSC-GP,freq,15,192,0,0
unseen_,500,MSC-GP,freq,20,192,0,0
unseen_,500,MSC-GP,seed,261001401,256,0,0
unseen_,500,MSC-GP,seed,261001402,256,0,0
unseen_,500,MSC-GP,seed,261001403,256,0,0
unseen_,500,Periodic,freq,5,192,0,0
unseen_,500,Periodic,freq,10,192,0,0
unseen_,500,Periodic,freq,15,192,0,0
unseen_,500,Periodic,freq,20,192,0,0
unseen_,500,Periodic,seed,261001401,256,0,0
unseen_,500,Periodic,seed,261001402,256,0,0
unseen_,500,Periodic,seed,261001403,256,0,0
unseen_,500,RIT-fine,freq,5,192,1,1
unseen_,500,RIT-fine,freq,10,192,5,4
unseen_,500,RIT-fine,freq,15,192,8,4
unseen_,500,RIT-fine,freq,20,192,15,9
unseen_,500,RIT-fine,seed,261001401,256,8,6
unseen_,500,RIT-fine,seed,261001402,256,12,7
unseen_,500,RIT-fine,seed,261001403,256,9,5
unseen_,500,Constant,freq,5,192,0,0
unseen_,500,Constant,freq,10,192,0,0
unseen_,500,Constant,freq,15,192,0,0
unseen_,500,Constant,freq,20,192,1,1
unseen_,500,Constant,seed,261001401,256,1,1
unseen_,500,Constant,seed,261001402,256,0,0
unseen_,500,Constant,seed,261001403,256,0,0
unseen_,1000,MSC-GP,freq,5,192,0,0
unseen_,1000,MSC-GP,freq,10,192,0,0
unseen_,1000,MSC-GP,freq,15,192,0,0
unseen_,1000,MSC-GP,freq,20,192,0,0
unseen_,1000,MSC-GP,seed,261001401,256,0,0
unseen_,1000,MSC-GP,seed,261001402,256,0,0
unseen_,1000,MSC-GP,seed,261001403,256,0,0
unseen_,1000,Periodic,freq,5,192,0,0
unseen_,1000,Periodic,freq,10,192,0,0
unseen_,1000,Periodic,freq,15,192,0,0
unseen_,1000,Periodic,freq,20,192,0,0
unseen_,1000,Periodic,seed,261001401,256,0,0
unseen_,1000,Periodic,seed,261001402,256,0,0
unseen_,1000,Periodic,seed,261001403,256,0,0
unseen_,1000,RIT-fine,freq,5,192,2,2
unseen_,1000,RIT-fine,freq,10,192,2,2
unseen_,1000,RIT-fine,freq,15,192,4,4
unseen_,1000,RIT-fine,freq,20,192,0,0
unseen_,1000,RIT-fine,seed,261001401,256,3,2
unseen_,1000,RIT-fine,seed,261001402,256,2,2
unseen_,1000,RIT-fine,seed,261001403,256,3,2
unseen_,1000,Constant,freq,5,192,5,4
unseen_,1000,Constant,freq,10,192,0,0
unseen_,1000,Constant,freq,15,192,3,2
unseen_,1000,Constant,freq,20,192,1,1
unseen_,1000,Constant,seed,261001401,256,1,1
unseen_,1000,Constant,seed,261001402,256,3,2
unseen_,1000,Constant,seed,261001403,256,5,4
unseen_,1500,MSC-GP,freq,5,192,0,0
unseen_,1500,MSC-GP,freq,10,192,0,0
unseen_,1500,MSC-GP,freq,15,192,0,0
unseen_,1500,MSC-GP,freq,20,192,0,0
unseen_,1500,MSC-GP,seed,261001401,256,0,0
unseen_,1500,MSC-GP,seed,261001402,256,0,0
unseen_,1500,MSC-GP,seed,261001403,256,0,0
unseen_,1500,Periodic,freq,5,192,0,0
unseen_,1500,Periodic,freq,10,192,0,0
unseen_,1500,Periodic,freq,15,192,0,0
unseen_,1500,Periodic,freq,20,192,1,1
unseen_,1500,Periodic,seed,261001401,256,1,1
unseen_,1500,Periodic,seed,261001402,256,0,0
unseen_,1500,Periodic,seed,261001403,256,0,0
unseen_,1500,RIT-fine,freq,5,192,0,0
unseen_,1500,RIT-fine,freq,10,192,0,0
unseen_,1500,RIT-fine,freq,15,192,0,0
unseen_,1500,RIT-fine,freq,20,192,0,0
unseen_,1500,RIT-fine,seed,261001401,256,0,0
unseen_,1500,RIT-fine,seed,261001402,256,0,0
unseen_,1500,RIT-fine,seed,261001403,256,0,0
unseen_,1500,Constant,freq,5,192,0,0
unseen_,1500,Constant,freq,10,192,0,0
unseen_,1500,Constant,freq,15,192,0,0
unseen_,1500,Constant,freq,20,192,0,0
unseen_,1500,Constant,seed,261001401,256,0,0
unseen_,1500,Constant,seed,261001402,256,0,0
unseen_,1500,Constant,seed,261001403,256,0,0
