dataset,req,name,target,norad,freq,seed,position_peak,velocity_peak,bad,samples,longest_bad,laser_time
original,500,RIT-fine,47,48294,10,260930401,603.5565894569313,24.743903159463056,44,6700,4.4,35.0
original,500,RIT-fine,15,52484,10,260930402,504.17318199340025,21.56918731900336,3,6700,0.2,35.0
original,500,RIT-fine,47,48294,10,260930402,501.10844405682224,21.302490463965814,2,6700,0.1,34.0
original,500,RIT-fine,54,48304,10,260930402,564.2888708026928,23.096361338325487,30,6700,3.0,38.0
original,500,RIT-fine,47,48294,15,260930403,593.7773641082493,24.864553031147867,65,10050,4.333333333333333,35.0
original,1000,RIT-fine,30,47362,5,260930403,1023.5996081855461,23.332519002391056,5,3350,1.0,21.0
original,1000,Constant,6,47650,10,260930401,1093.9875257017416,21.728959900481982,31,6700,3.1,32.0
original,1000,Constant,38,47371,5,260930402,1003.9871780784232,19.14501944148628,2,3350,0.4,17.0
original,1000,Constant,30,47362,5,260930403,1198.5451973072857,25.569983529514076,32,3350,6.0,21.0
original,1500,RIT-fine,6,47650,5,260930403,1577.202505952483,19.933151813594797,3,3350,0.4,23.0
unseen_,500,RIT-fine,1,52501,10,261001401,514.3269156023051,21.374144957533037,7,6700,0.7,27.0
unseen_,500,RIT-fine,15,54774,10,261001401,628.246298665973,24.228686217572843,69,6700,6.9,30.0
unseen_,500,RIT-fine,58,52478,10,261001402,575.8567209610253,24.768699809646584,34,6700,3.4,26.0
unseen_,500,RIT-fine,21,51868,10,261001403,619.5005964781402,24.678381518071518,45,6700,4.5,25.0
unseen_,500,RIT-fine,58,52478,10,261001403,531.6830395039929,22.2942957102736,18,6700,1.8,31.0
unseen_,500,RIT-fine,58,52478,15,261001401,535.5283457268672,21.827276231117846,26,10050,1.7333333333333334,31.0
unseen_,500,RIT-fine,1,52501,15,261001402,606.5027349760469,25.24193544249367,69,10050,4.6,26.0
unseen_,500,RIT-fine,21,51868,15,261001402,592.4846425407172,24.293869193585248,56,10050,3.7333333333333334,30.0
unseen_,500,RIT-fine,58,52478,15,261001402,514.4415283609916,21.254993780131368,12,10050,0.8,26.0
unseen_,500,RIT-fine,1,52501,15,261001403,510.7785449445837,23.165343464350002,8,10050,0.5333333333333333,26.0
unseen_,500,RIT-fine,21,51868,15,261001403,558.0413412850345,23.15324626926344,36,10050,2.4,30.0
unseen_,500,RIT-fine,36,51995,15,261001403,502.4232523682382,21.134002417579218,2,10050,0.13333333333333333,34.0
unseen_,500,RIT-fine,58,52478,15,261001403,697.5483156438462,28.567461874934715,119,10050,7.933333333333334,31.0
unseen_,500,RIT-fine,15,54774,20,261001401,576.3444901242129,22.44516048137375,99,13400,4.95,30.0
unseen_,500,RIT-fine,21,51868,20,261001401,580.739079093474,24.219636305428665,57,13400,2.8,29.0
unseen_,500,RIT-fine,27,51973,20,261001401,504.43119819563555,20.40611717168538,5,13400,0.2,31.0
unseen_,500,RIT-fine,34,51887,20,261001401,518.6296925690194,20.084588435984713,21,13400,1.05,35.0
unseen_,500,RIT-fine,58,52478,20,261001401,634.8228232909155,26.88090610656534,122,13400,6.1,25.05
unseen_,500,RIT-fine,1,52501,20,261001402,617.747865644048,25.68514245140553,94,13400,4.7,31.0
unseen_,500,RIT-fine,15,54774,20,261001402,565.7411668663509,23.092133054469357,51,13400,2.55,31.0
unseen_,500,RIT-fine,16,48690,20,261001402,535.9152915571706,21.91365396707873,37,13400,1.6,31.0
unseen_,500,RIT-fine,21,51868,20,261001402,528.8205651375174,22.51207304918,26,13400,1.3,30.0
unseen_,500,RIT-fine,26,51968,20,261001402,548.5261556436709,22.674084321885122,45,13400,2.25,35.0
unseen_,500,RIT-fine,48,48668,20,261001402,504.62105921087255,21.721519382978524,7,13400,0.35,30.0
unseen_,500,RIT-fine,58,52478,20,261001402,763.9804641313026,30.531878280741477,188,13400,9.4,26.0
unseen_,500,RIT-fine,15,54774,20,261001403,529.6756702981106,21.692547044036324,17,13400,0.85,35.0
unseen_,500,RIT-fine,21,51868,20,261001403,647.2637431740624,26.001572614530893,118,13400,5.9,30.0
unseen_,500,RIT-fine,58,52478,20,261001403,542.4581360377306,22.814122299561507,33,13400,1.65,30.0
unseen_,500,RIT-fine,58,52478,5,261001402,530.2593524038653,23.233090256992384,6,3350,1.2,26.0
unseen_,500,Constant,21,51868,20,261001401,524.9100307355033,25.486304602396647,23,13400,1.15,33.0
unseen_,1000,RIT-fine,23,51881,10,261001401,1215.8187924431463,21.86874431722728,85,6700,8.2,21.0
unseen_,1000,RIT-fine,22,51873,10,261001402,1015.5381513518258,18.7920307204172,2,6700,0.2,22.0
unseen_,1000,RIT-fine,35,51956,15,261001401,1039.9505543352361,19.500023325237514,16,10050,1.0666666666666667,22.0
unseen_,1000,RIT-fine,43,52453,15,261001402,1011.4264788954366,22.468215332316102,12,10050,0.3333333333333333,27.0
unseen_,1000,RIT-fine,1,52501,15,261001403,1035.63920995396,22.856812278649844,29,10050,1.7333333333333334,17.0
unseen_,1000,RIT-fine,16,48690,15,261001403,1065.521456990278,21.485698444954853,39,10050,2.533333333333333,21.0
unseen_,1000,RIT-fine,35,51956,5,261001401,1275.5551926376922,24.344733122909123,67,3350,13.4,16.0
unseen_,1000,RIT-fine,1,52501,5,261001403,1151.084034359628,21.7816459181477,38,3350,6.2,17.0
unseen_,1000,Constant,1,52501,15,261001402,1079.6912892279624,23.56113372742243,156,10050,5.466666666666667,17.0
unseen_,1000,Constant,1,52501,15,261001403,1160.1776194500999,24.510549200632944,186,10050,8.266666666666667,17.0
unseen_,1000,Constant,16,48690,15,261001403,1105.9162311106154,22.044901899190826,112,10050,7.333333333333333,22.0
unseen_,1000,Constant,1,52501,20,261001402,1238.6687617310695,29.099106850153337,194,13400,9.4,20.0
unseen_,1000,Constant,32,51882,5,261001401,1050.4842241314188,22.96739711206211,15,3350,2.4,21.0
unseen_,1000,Constant,36,51995,5,261001402,1239.9744781192026,25.851919247830306,30,3350,5.8,17.0
unseen_,1000,Constant,1,52501,5,261001403,1127.1639278449395,23.322007272762605,54,3350,10.6,17.0
unseen_,1000,Constant,34,51887,5,261001403,1019.1062046453657,19.194423446242155,5,3350,1.0,27.0
unseen_,1000,Constant,36,51995,5,261001403,1040.0365845881988,19.90388842705788,4,3350,0.8,22.0
unseen_,1500,Periodic,34,51887,20,261001401,1517.018897261572,33.600151170967145,8,13400,0.4,28.0
