dataset,req,name,n,position_rmse,velocity_rmse,position_peak,velocity_peak,bad_arcs,bad_fraction,longest_bad,laser_time,laser_all_time,position_coverage,velocity_coverage,event_position_rmse,event_velocity_rmse,event_position_peak_mean,request_time,request_windows
original,500,MSC-GP,768,39.51686075622658,2.2066795777135915,386.3610751649422,18.5507705441477,0,0.0,0.0,36.17456597222222,66.16642795138888,0.9185755143553068,0.8415204899979271,40.664741653446,2.576176119094556,70.1769477822122,36.17456597222222,22.166666666666668
original,500,Periodic,768,38.63418476693029,2.195769587538474,423.08910785103444,20.692481472320363,0,0.0,0.0,39.876475694444444,69.86833767361111,0.918514750466418,0.8412031962582919,38.815004257712474,2.5353790261759133,66.74559713339312,39.876475694444444,24.733072916666668
original,500,RIT-fine,768,47.59085089463904,2.470366504335327,603.5565894569313,24.864553031147867,5,2.3774357379767825e-05,4.4,32.58311631944444,62.574978298611114,0.918938834473466,0.8416747318097015,43.465804752254876,2.6680681788826943,75.30996477511333,32.58311631944444,18.58203125
original,500,Constant,768,40.28459428414636,2.2715188800541677,411.3528408708971,19.51574435397882,0,0.0,0.0,35.63383246527778,65.62569444444445,0.9194263059701493,0.8409363987354892,41.2727093549921,2.5997378324604288,72.26008447382031,35.63383246527778,21.630208333333332
original,500,Constant50,768,51.20035574467544,2.548132590364685,697.6758838378578,26.298860795880785,16,8.074860074626866e-05,8.266666666666667,31.605316840277776,61.597178819444444,0.9187685919361526,0.8454567332607795,46.53781869472197,2.7175692541468113,80.7059066494806,31.605316840277776,17.60546875
original,500,NoAlarm,768,80.21743030470365,2.888944331590582,628.4880810786565,14.901918173384828,19,0.00016829912935323386,11.6,15.90234375,45.894205729166664,0.47661053456674957,0.34291614842454393,78.63432110442972,3.6360765584893513,114.14669507129027,15.90234375,15.90234375
original,1000,MSC-GP,768,92.16056645496282,2.910810320231309,893.02202382767,25.552137843283653,0,0.0,0.0,23.562456597222223,53.55431857638888,0.9142820403192372,0.8520246424129354,80.17107892789943,2.9570616728135084,132.5240146649106,23.562456597222223,9.565104166666666
original,1000,Periodic,768,47.79692533944193,2.4157298739381177,615.2254265013935,22.194918629500975,0,0.0,0.0,34.098719618055554,64.09058159722223,0.9206601432939469,0.8464061204394694,50.669835055647376,2.789642428540139,85.46943578781841,34.098719618055554,20.0390625
original,1000,RIT-fine,768,104.65083048189048,3.119473192291696,1023.5996081855461,23.332519002391056,1,1.943407960199005e-06,1.0,23.72897135416667,53.72083333333333,0.9229363922574626,0.8559379858519901,82.02364344903062,3.2130187866214515,146.1008593329915,23.72897135416667,9.731770833333334
original,1000,Constant,768,94.58450125981204,3.007572857368679,1198.5451973072857,25.569983529514076,3,1.9239738805970147e-05,6.0,24.14641927083333,54.13828125,0.9232406651637645,0.855986668221393,74.09167151574518,3.107328368992156,127.99453723793346,24.14641927083333,10.149739583333334
original,1000,Constant50,768,430.1972833078215,5.788071551220465,6418.645950132077,58.89305232775137,462,0.04325605047678275,182.4,17.82734375,47.81920572916666,0.9294807861733002,0.8765448149875622,413.7895599193805,5.612151239120107,475.64078247168953,17.82734375,3.83203125
original,1000,NoAlarm,768,319.0181757924606,4.4206649318917375,2714.5582113989326,33.02033203830095,236,0.02183159722222222,96.3,3.2265625,33.218424479166664,0.4554430970149254,0.3565567993366501,288.7793482519804,4.684095831908086,332.9253716806809,3.2265625,3.2265625
original,1500,MSC-GP,768,109.1668648782693,3.0823076043097744,1146.60759860898,25.399775320762576,0,0.0,0.0,21.782552083333332,51.7744140625,0.9335793687810945,0.8677385857172472,95.95673442609198,3.1984321805134526,159.79795618399814,21.782552083333332,7.78515625
original,1500,Periodic,768,92.25025723326247,3.0408653950900564,1301.3582927214302,29.01757635042263,0,0.0,0.0,25.293229166666666,55.28509114583333,0.9233908258188226,0.8524710432213931,78.40944839539617,3.173662345185545,133.3963473324878,25.293229166666666,11.268229166666666
original,1500,RIT-fine,768,144.6197853356812,3.526094484374389,1577.202505952483,25.1067810038868,1,1.166044776119403e-06,0.4,21.322526041666666,51.31438802083334,0.9142078345252903,0.8515913272180763,116.19144357913068,3.570389674155624,187.64437536265302,21.322526041666666,7.321614583333333
original,1500,Constant,768,129.60483365085958,3.34787850907613,1397.6353849920629,24.3558667885473,0,0.0,0.0,21.91204427083333,51.90390625,0.915368534929519,0.8500261388370647,105.14141547146865,3.4066590812437503,175.8431781902043,21.91204427083333,7.911458333333333
original,1500,Constant50,768,418.55460535666066,5.735581052795657,6418.645950132077,58.89305232775137,263,0.0169013331778607,163.2,17.920572916666668,47.912434895833336,0.9303066373859866,0.8765096393034826,401.3598353428491,5.559578970870528,450.9090595432556,17.920572916666668,3.9244791666666665
original,1500,NoAlarm,768,379.7947825872975,4.780360762660456,3549.2488807551226,33.02033203830095,154,0.010795436878109452,68.0,2.95703125,32.948893229166664,0.4837105488184079,0.37414143475331674,277.260519808755,4.691276330211134,314.1139731786391,2.95703125,2.95703125
unseen,500,MSC-GP,768,40.41478995292887,2.328828846003971,400.8661933538498,23.257890692026045,0,0.0,0.0,36.068033854166664,66.05826822916667,0.9131986227715588,0.8343519058354062,42.2406458186965,2.6975789511515673,74.00626191874413,36.068033854166664,22.118489583333332
unseen,500,Periodic,768,39.371658460133546,2.2934526577024887,431.8823870840449,22.78219973782378,0,0.0,0.0,39.83873697916667,69.82897135416665,0.9134202036691542,0.8352501813847429,40.16201781579772,2.6587258364996607,70.53135620785585,39.83873697916667,24.779947916666668
unseen,500,RIT-fine,768,50.114504732721905,2.639412231386214,763.9804641313026,30.531878280741477,29,0.00016784566749585404,9.4,32.617578125,62.6078125,0.9118055231654228,0.8351385649875622,45.116873418920264,2.7703364769465795,80.26618779921765,32.617578125,18.674479166666668
unseen,500,Constant,768,41.88435249409736,2.4112927923889145,524.9100307355033,25.529752048783994,1,2.234919154228856e-06,1.15,35.470225694444444,65.46046006944444,0.9124729218490879,0.8338744104995853,41.406105721280596,2.6972320070453355,73.10169601093115,35.470225694444444,21.5234375
unseen,500,Constant50,768,54.41309190291742,2.739449113256546,826.0451981246565,30.886546613836845,41,0.0003891998341625207,11.8,31.54392361111111,61.53415798611112,0.9120041070688226,0.8364649085302652,47.0814948120916,2.808573080832496,83.44247912056409,31.54392361111111,17.598958333333332
unseen,500,NoAlarm,768,74.75977507434192,2.731194397786811,479.43857564724766,11.354949265582258,0,0.0,0.0,15.89453125,45.884765625,0.4842953526637645,0.33366005260157544,71.17916161133216,3.3654584443335747,110.1711512139426,15.89453125,15.89453125
unseen,1000,MSC-GP,768,87.64961071843682,3.0525951375216076,898.7963086164058,27.418555066444835,0,0.0,0.0,23.582769097222222,53.57300347222222,0.9162022569444445,0.8498251580638474,81.1515765811642,3.162723731151805,133.0225832884649,23.582769097222222,9.64453125
unseen,1000,Periodic,768,49.373360955470865,2.5455317629670833,686.2507958910627,26.402275083135848,0,0.0,0.0,34.01189236111111,64.00212673611111,0.9147845084473466,0.8381180361214758,44.93937378278396,2.756262402677923,80.99420351823252,34.01189236111111,19.998697916666668
unseen,1000,RIT-fine,768,107.71565620885696,3.2288996168015625,1275.5551926376922,24.771183337997595,8,7.015702736318409e-05,13.4,23.612391493055554,53.602625868055554,0.9116076194548093,0.8449148463412106,96.62297185440961,3.482368193762477,155.2012530083392,23.612391493055554,9.671875
unseen,1000,Constant,768,101.96144540532549,3.203765734679362,1239.9744781192026,29.099106850153337,9,0.00011964915008291874,10.6,24.02068142361111,54.010915798611116,0.9124527427964345,0.8452395250310945,93.96019297119659,3.481721197820214,148.86108804666407,24.02068142361111,10.080729166666666
unseen,1000,Constant50,768,558.1939220927893,6.415062830182315,9852.654437317846,64.071606317918,522,0.058946608105306796,216.8,17.680902777777778,47.67113715277778,0.9192620232172471,0.8686106576492537,541.3424353201552,6.3400386617750515,537.2904539963849,17.680902777777778,3.7434895833333335
unseen,1000,NoAlarm,768,274.11472383521414,4.0218700378754235,1780.8228383226542,21.0414389974482,202,0.011855209628938638,76.2,3.16015625,33.150390625,0.4658710030576285,0.3279682317578773,231.0852289074563,4.252904907739766,289.5957891601335,3.16015625,3.16015625
unseen,1500,MSC-GP,768,118.1549634753321,3.305531404132798,1149.9552985123253,25.243881142084042,0,0.0,0.0,21.576171875,51.56640625,0.9225028827218077,0.8570740373652571,113.26773041678041,3.5432131675416625,174.51743041452767,21.576171875,7.635416666666667
unseen,1500,Periodic,768,102.54802109779686,3.35889163441606,1517.018897261572,37.206041469990694,1,7.77363184079602e-07,0.4,25.252734375,55.24296875000001,0.9160617485489221,0.84600373782131,88.09507929450767,3.305729196721977,147.33373481803997,25.252734375,11.27734375
unseen,1500,RIT-fine,768,128.5535185611312,3.2557271302437583,1281.9430102429926,22.320368023901892,0,0.0,0.0,21.336480034722218,51.32671440972223,0.9118884095149253,0.8502370633810116,106.65866595260546,3.4515228024071276,175.28850670791306,21.336480034722218,7.397135416666667
unseen,1500,Constant,768,122.50636447103015,3.2601096493135606,1199.2449533402246,21.53990146307942,0,0.0,0.0,21.720920138888886,51.71115451388889,0.91053401611733,0.8480938083022388,103.80946346132211,3.4699116496812117,167.54892822915093,21.720920138888886,7.779947916666667
unseen,1500,Constant50,768,518.4748455322855,6.275458269264953,8679.403045835568,64.071606317918,314,0.02650601160862355,178.3,17.783463541666666,47.77369791666666,0.9197691879145937,0.8684149888577943,527.4014534973328,6.275559622023827,528.6861857625062,17.783463541666666,3.8463541666666665
unseen,1500,NoAlarm,768,336.9840621800412,4.383422336890164,2021.4950826455893,21.263884863489857,116,0.005140314054726368,46.86666666666667,2.84765625,32.837890625,0.47468280343076286,0.3359542780887231,206.79365260178085,4.202736588312447,271.46146951440903,2.84765625,2.84765625
