req,name,n,position_rmse,velocity_rmse,position_peak,velocity_peak,bad_arcs,bad_fraction,longest_bad,laser_time,laser_all_time,position_coverage,velocity_coverage,event_position_rmse,event_velocity_rmse,event_position_peak_mean,request_time,request_windows
500,Constant|delay0.5,192,40.39061372692181,2.290646671443866,395.87327369296173,20.546814757101725,0,0.0,0.0,35.95,65.9421875,0.9173204291044778,0.8403257151741294,42.05784879709239,2.638576515259492,73.5291887046256,35.47604166666667,21.578125
500,Constant|delay1,192,39.46391777897075,2.3192457747231843,555.4210579946764,24.75554992967563,2,1.943407960199005e-05,2.4,52.33281250000001,82.325,0.9050769589552239,0.8287297885572139,39.86379644551345,2.5916123332003504,69.49081348999884,51.41041666666667,20.442708333333332
500,Constant|delay1-gap10,192,39.68971995956255,2.326645435050958,555.4210579946764,24.75554992967563,2,1.943407960199005e-05,2.4,51.71562500000001,81.7078125,0.9055604788557213,0.8289280161691542,39.86578820109502,2.60065990167574,69.17750168606477,55.990625,20.401041666666668
500,Constant|delay2,192,39.878465300023876,2.335873603288194,603.4979794721296,26.375321143801276,1,3.420398009950248e-05,4.4,67.60364583333333,97.59583333333335,0.8980192786069652,0.8233908582089553,38.58531138214192,2.555126000832244,66.8553683333958,65.73854166666666,19.541666666666668
500,Constant|gap10,192,40.84973809696523,2.308043122826609,377.3639103390931,19.51574435397882,0,0.0,0.0,35.028645833333336,65.02083333333333,0.91734375,0.8401096082089552,42.02481230627867,2.645394610035117,73.31102045034622,41.73020833333333,21.494791666666668
500,Constant|gap30,192,42.91233037894679,2.3325871684238684,384.3412182340983,20.24867250693089,0,0.0,0.0,32.811458333333334,62.80364583333333,0.9193781094527363,0.8434499378109453,43.9792236976177,2.646962845577343,80.5273561123039,81.78020833333333,20.333333333333332
500,Constant|ideal,192,40.35668185603854,2.2950731747502395,377.3639103390931,19.51574435397882,0,0.0,0.0,35.47604166666667,65.46822916666666,0.9168897699004975,0.8403692475124377,41.01426014599288,2.6053520720187278,72.32975581653967,35.47604166666667,21.578125
500,MSC-GP|delay0.5,192,40.041415493049854,2.225898719610365,364.7589679712999,16.583090527173795,0,0.0,0.0,36.368229166666666,66.36041666666667,0.9158426616915424,0.8405076181592039,40.43944014426716,2.57427000313808,69.94937026923922,35.8890625,21.994791666666668
500,MSC-GP|delay1,192,38.89099519326459,2.2283583514165324,417.6849664574953,23.084035989376147,0,0.0,0.0,51.22864583333334,81.22083333333335,0.907264458955224,0.8305713619402985,41.61539297526172,2.576141625472187,69.91833521341535,50.31666666666667,19.927083333333332
500,MSC-GP|delay1-gap10,192,39.182338173294596,2.2414622932514057,417.6849664574953,23.084035989376147,0,0.0,0.0,50.55416666666667,80.54635416666666,0.9071253109452737,0.8306304415422886,41.36847650984937,2.590554974109318,69.3756379468476,54.291666666666664,19.822916666666668
500,MSC-GP|delay2,192,39.449536159767575,2.2673890350621573,506.70316834971493,25.19840774801752,1,2.332089552238806e-06,0.3,64.96041666666666,94.95260416666667,0.9019185323383084,0.8244371890547263,42.49316886086488,2.620117460168253,73.55752444097283,63.10104166666667,18.671875
500,MSC-GP|gap10,192,40.16611293349963,2.2415401244306534,386.3610751649422,17.806146895329334,0,0.0,0.0,35.59739583333334,65.58958333333332,0.9177231032338308,0.8393742226368159,40.51521708171903,2.5922698119342993,70.8174094747008,40.884375000000006,22.083333333333332
500,MSC-GP|gap30,192,42.18926275088356,2.2669426640982278,444.62098998630637,17.809189470576065,0,0.0,0.0,33.84583333333333,63.83802083333333,0.9173111007462688,0.8411839241293532,44.36291669686595,2.641339060870461,81.56527693972524,69.090625,21.322916666666668
500,MSC-GP|ideal,192,39.87804710581633,2.229539834927212,386.3610751649422,17.806146895329334,0,0.0,0.0,36.11822916666667,66.11041666666667,0.9184048507462687,0.8402992848258707,40.33493891127386,2.5755082191865624,70.40380679077309,36.11822916666667,22.21875
500,Periodic|delay0.5,192,38.921270984208604,2.218991958345932,327.72102829865844,16.466087827836258,0,0.0,0.0,40.200520833333336,70.19270833333333,0.9167459577114428,0.8408341106965174,38.974652122671415,2.556561172701939,69.84902146654746,39.705729166666664,24.671875
500,Periodic|delay1,192,39.130685110640584,2.2324250897038227,347.60707646877995,17.36042075581462,0,0.0,0.0,40.69583333333333,70.68802083333333,0.9170460199004976,0.8403179415422887,39.43602003959282,2.577300345243282,69.71409492909609,39.705729166666664,24.671875
500,Periodic|delay1-gap10,192,41.78254489133321,2.2640399680531638,347.60707646877995,17.36042075581462,0,0.0,0.0,39.274479166666666,69.26666666666667,0.9169472947761195,0.8421035447761195,44.24291493820172,2.6223208336113366,81.5976348701423,39.705729166666664,24.671875
500,Periodic|delay2,192,38.51115560240407,2.2006455383031507,353.2938239041541,18.46791651679785,0,0.0,0.0,41.690625000000004,71.6828125,0.9185160136815921,0.8411108519900498,38.81733971914351,2.565305401043597,68.67447287814497,39.705729166666664,24.671875
500,Periodic|gap10,192,41.75883122127689,2.262271139750597,423.08910785103444,20.692481472320363,0,0.0,0.0,38.34010416666667,68.33229166666666,0.9169185323383084,0.8427036691542288,44.02345477853023,2.6139730959326477,80.69223707013745,39.705729166666664,24.671875
500,Periodic|gap30,192,45.105286573972386,2.3204215633225678,432.6307500604356,21.24964404216894,0,0.0,0.0,34.83541666666667,64.82760416666666,0.9179120024875621,0.8466635572139302,52.994434076834374,2.751634266677277,95.66202716816905,39.705729166666664,24.671875
500,Periodic|ideal,192,39.01138584683958,2.2248429054156214,423.08910785103444,20.692481472320363,0,0.0,0.0,39.705729166666664,69.69791666666667,0.9170491293532339,0.8412080223880597,39.17672483143982,2.5529005066157358,68.18817275761437,39.705729166666664,24.671875
500,RIT-fine|delay0.5,192,49.29566387017338,2.509703754335648,745.9523887258036,29.079319196195616,2,8.939676616915423e-05,9.9,32.534375000000004,62.52656249999999,0.9161885883084576,0.8409258395522388,43.70948624168223,2.6682438621355935,76.66465187091188,32.06041666666667,18.166666666666668
500,RIT-fine|delay1,192,47.73473752258407,2.518811499262172,656.5946486939054,26.340126623717733,5,0.00012360074626865673,6.7,47.013020833333336,77.00520833333333,0.906424906716418,0.8337150186567164,42.9097572849857,2.6505372893137644,74.0243186440428,46.09062500000001,17.828125
500,RIT-fine|delay1-gap10,192,47.96982746911869,2.523108641216303,656.5946486939054,26.340126623717733,5,0.00011660447761194031,6.7,46.47760416666667,76.46979166666667,0.9058146766169154,0.8334483830845771,42.990577871090025,2.654453708953717,73.94059146461068,47.93437500000001,17.796875
500,RIT-fine|delay2,192,47.92537093366375,2.510927792210986,724.0884977032937,26.21574013594746,7,0.0002868470149253731,9.3,60.51354166666667,90.50572916666665,0.9000847325870648,0.8280169465174131,45.20502828139805,2.6908358060109374,77.00514414544288,58.6640625,17.203125
500,RIT-fine|gap10,192,49.05016230495179,2.539889525547169,604.1813058492727,24.79719055455866,4,6.374378109452737e-05,4.5,31.943750000000005,61.9359375,0.9175225435323382,0.8400458644278608,44.086523966636925,2.7102888973938657,76.11212363334708,36.137499999999996,18.416666666666668
500,RIT-fine|gap30,192,51.50488988424071,2.564173030486221,596.5275386781678,24.499423175535462,4,6.296641791044776e-05,4.1,30.25572916666667,60.24791666666667,0.9158426616915424,0.8411225124378109,50.05806489275242,2.7804624197262617,92.67322119772626,67.4171875,17.697916666666668
500,RIT-fine|ideal,192,48.607475647562794,2.5283922502944183,603.5565894569313,24.743903159463056,4,6.141169154228855e-05,4.4,32.36927083333333,62.36145833333333,0.9176407027363185,0.8402269900497513,43.547714741449056,2.687988300090902,75.9215693727153,32.36927083333333,18.473958333333332
1000,Constant|delay0.5,192,97.76328800907721,3.041511832123609,1008.7421013313389,19.68932239540124,1,3.88681592039801e-06,0.5,24.403125,54.395312499999996,0.9219729477611939,0.8536955845771145,75.73602444477085,3.1302681945492594,130.61408362072976,23.91614583333333,10.026041666666666
1000,Constant|delay1,192,93.49083988094708,2.965771762549885,1110.4120887787785,21.923795688560322,1,4.819651741293532e-05,6.0,31.252604166666668,61.244791666666664,0.9149230410447761,0.8457089552238806,74.48014461679689,3.1030206508574363,129.68120249959324,30.325,9.96875
1000,Constant|delay1-gap10,192,94.13393437571393,2.9757244867579216,1112.1874018779993,21.923795688560322,1,5.597014925373134e-05,7.0,30.816666666666666,60.80885416666666,0.9145514614427861,0.845604788557214,74.85336003332236,3.10942784994657,130.10524931807828,30.92395833333333,9.963541666666666
1000,Constant|delay2,192,94.88492658421342,2.954386247363411,903.7169418940412,17.744682312384683,0,0.0,0.0,38.126041666666666,68.11822916666667,0.9070600124378109,0.8372597947761194,77.16972241817447,3.1076627651069613,134.43918232439944,36.31302083333333,9.791666666666666
1000,Constant|gap10,192,98.98099418078372,3.099936992409315,1154.1326011067881,22.45006779057677,1,6.296641791044776e-05,8.1,23.58697916666667,53.57916666666666,0.9193975435323383,0.8537126865671641,75.60456936207467,3.1490891920823367,128.6832279002692,24.925520833333337,10.072916666666666
1000,Constant|gap30,192,109.44542603186076,3.216353153822492,938.5062700689615,19.344861837960483,0,0.0,0.0,22.585416666666664,52.577604166666674,0.9199914490049751,0.8547901119402986,91.2031083864523,3.2575466374418443,165.34015681871105,44.4390625,9.90625
1000,Constant|ideal,192,97.7528434824763,3.083598404521399,1093.9875257017416,21.728959900481982,1,2.409825870646766e-05,3.1,23.9578125,53.949999999999996,0.9196113184079602,0.8535953047263681,76.13813805957517,3.158558290445944,129.46640235582288,23.9578125,10.067708333333334
1000,MSC-GP|delay0.5,192,93.56167612891194,2.9246404739468908,849.0526886339029,25.659917393644175,0,0.0,0.0,23.866145833333334,53.85833333333333,0.9120872201492537,0.8503490360696517,85.03405241347573,2.992658513816474,136.66371134448457,23.371354166666666,9.479166666666666
1000,MSC-GP|delay1,192,91.33164856667008,2.91276143995038,945.2288430462127,24.366925179554617,0,0.0,0.0,29.826562499999998,59.81875,0.9075940609452737,0.8467615049751244,82.78314008254631,2.933822952794264,132.41952367951137,28.84166666666667,9.203125
1000,MSC-GP|delay1-gap10,192,91.11702653515026,2.9126800892742466,874.8398571777468,24.366925179554617,0,0.0,0.0,29.3125,59.3046875,0.9079594216417911,0.847197605721393,82.57386577586828,2.927721534066826,131.61422774092912,30.972395833333337,9.1875
1000,MSC-GP|delay2,192,90.10828203658878,2.8805112436785523,1069.1880599385984,22.18201973505085,1,2.5652985074626868e-05,3.3,36.05833333333333,66.05052083333334,0.9077767412935324,0.84675684079602,83.67023893601704,2.948880914525333,131.97240823335213,34.10989583333333,9.036458333333334
1000,MSC-GP|gap10,192,95.02419546504694,2.954480546481267,893.02202382767,25.39749334794111,0,0.0,0.0,23.02552083333333,53.01770833333333,0.910380130597015,0.8496890547263681,84.47292206840376,2.9790403488898547,135.9787694645317,25.333333333333332,9.520833333333334
1000,MSC-GP|gap30,192,97.30809415033016,2.9962943334462593,893.02202382767,25.39749334794111,0,0.0,0.0,22.410416666666663,52.40260416666666,0.9105721393034826,0.8500171019900499,89.37002483912497,3.0575725394853848,146.1986619332084,32.775,9.588541666666666
1000,MSC-GP|ideal,192,94.95356061128437,2.9614991007379854,893.02202382767,25.39749334794111,0,0.0,0.0,23.421875,53.4140625,0.9103327114427863,0.8489940920398009,84.78671620727098,2.9923703718805936,136.72674552021238,23.421875,9.53125
1000,Periodic|delay0.5,192,48.94146432807127,2.4670760460810848,586.4374596942047,21.423246000387238,0,0.0,0.0,34.489583333333336,64.48177083333333,0.919608986318408,0.8454329912935323,52.0415534405156,2.85354973113019,87.51563640454657,33.994791666666664,20.03125
1000,Periodic|delay1,192,48.58403249463838,2.4549099893266053,620.6192380506055,22.423522147576964,0,0.0,0.0,34.98489583333333,64.97708333333334,0.9200505286069651,0.8440158582089552,51.621884338484996,2.8497307297739134,87.26281896402094,33.994791666666664,20.03125
1000,Periodic|delay1-gap10,192,60.679364205100946,2.610461326422367,741.5346607813015,23.604667973799675,0,0.0,0.0,30.606770833333332,60.598958333333336,0.9196696206467662,0.8507571517412935,73.83977632239124,3.104373602555357,130.816303090457,33.994791666666664,20.03125
1000,Periodic|delay2,192,48.708130946518324,2.4515910934592733,606.802719093687,21.971858260133946,0,0.0,0.0,35.979687500000004,65.971875,0.9202472014925375,0.8443003731343284,49.64499286388364,2.8062957393835584,85.20534596273836,33.994791666666664,20.03125
1000,Periodic|gap10,192,62.86799638004347,2.6599281892596025,702.6289588291812,22.094161788211974,0,0.0,0.0,29.67239583333333,59.664583333333326,0.9187740982587065,0.8501399253731344,76.6162825378661,3.1344754958390473,135.11089624089675,33.994791666666664,20.03125
1000,Periodic|gap30,192,63.143303346032624,2.660579531219406,700.4692369919094,22.094161788211974,0,0.0,0.0,29.146874999999998,59.1390625,0.9188456156716418,0.8501717972636816,77.48429823310433,3.144860190585922,137.31338827007053,33.994791666666664,20.03125
1000,Periodic|ideal,192,49.095578138548966,2.477635795453784,615.2254265013935,22.194918629500975,0,0.0,0.0,33.994791666666664,63.986979166666664,0.9190360696517413,0.8449378109452735,52.02667513573274,2.8432542943242494,87.70783727854376,33.994791666666664,20.03125
1000,RIT-fine|delay0.5,192,106.85119540046328,3.149370935017068,889.140840166865,18.532871312492574,0,0.0,0.0,24.02552083333333,54.01770833333333,0.9213028606965175,0.8537391169154228,84.44968313738049,3.254711408854839,150.59633938906467,23.5515625,9.661458333333334
1000,RIT-fine|delay1,192,105.88192020564699,3.1251449016349464,1039.3940411172787,19.11561799757875,2,1.943407960199005e-05,2.4,30.5234375,60.515625,0.9118773320895522,0.8431545398009951,84.67751563119587,3.2061900627294486,151.15224328154883,29.559375,9.567708333333334
1000,RIT-fine|delay1-gap10,192,105.94631938925046,3.116576286948487,1067.7526866905298,19.381444548484087,2,3.1871890547263686e-05,4.0,29.997395833333332,59.989583333333336,0.9120467972636815,0.8433807524875622,84.4686098196093,3.2076249444441625,150.48487372988544,32.216145833333336,9.510416666666666
1000,RIT-fine|delay2,192,105.75363219300347,3.079403885665218,912.2588847130786,16.811082305864023,0,0.0,0.0,35.9234375,65.915625,0.9024152674129353,0.8359095149253731,85.60478433307348,3.202686294086692,150.06155846224115,33.99583333333334,8.770833333333334
1000,RIT-fine|gap10,192,107.6426802030612,3.1851169627611955,917.0352417813949,17.39678554087499,0,0.0,0.0,23.2078125,53.199999999999996,0.9214513370646765,0.8537717661691543,84.51291498402489,3.2559815488609645,148.55754391042197,24.140625,9.703125
1000,RIT-fine|gap30,192,115.57065764645854,3.2834367798464466,1109.3524767338065,19.034725166778028,1,3.80907960199005e-05,4.9,22.405729166666664,52.39791666666665,0.9199665733830846,0.8540601679104478,98.12948831900894,3.3643603967736873,174.3788247931434,33.109375,9.598958333333334
1000,RIT-fine|ideal,192,108.83604360913807,3.218527512049982,917.0352417813949,17.77665113156994,0,0.0,0.0,23.598958333333332,53.591145833333336,0.921367381840796,0.8536069651741295,86.46833952203033,3.3053580767646347,150.48321909923393,23.598958333333332,9.708333333333334
1500,Constant|delay0.5,192,135.25103328210528,3.4528661495797137,1248.8912285466934,22.662226567621772,0,0.0,0.0,22.302083333333332,52.294270833333336,0.9141433457711443,0.8481568718905472,111.35296812706999,3.514444270651948,178.13300378147343,21.807291666666668,7.911458333333333
1500,Constant|delay1,192,138.4736223137323,3.502278120689829,1243.829088219164,20.3335534923315,0,0.0,0.0,27.004166666666666,56.99635416666666,0.9025077736318406,0.8410937500000001,116.12582483481823,3.5834912585774097,183.98314796378006,26.024479166666666,7.770833333333333
1500,Constant|delay1-gap10,192,140.7634565382643,3.537990721402315,1243.829088219164,20.3335534923315,0,0.0,0.0,26.604166666666668,56.596354166666664,0.9019566231343283,0.8410914179104477,117.30244528783172,3.598905939685372,185.29675166401609,26.852604166666666,7.802083333333333
1500,Constant|delay2,192,136.01277454899073,3.4331479995538365,1137.412396625397,19.456054921740023,0,0.0,0.0,31.861979166666668,61.854166666666664,0.8955387126865672,0.8397178171641791,115.9543262722307,3.539976954847528,184.16773411206339,29.903125,7.598958333333333
1500,Constant|gap10,192,134.705192556339,3.443308583534596,1247.2651790457637,21.16611870581756,0,0.0,0.0,21.452604166666664,51.44479166666667,0.9125808457711444,0.8474518034825871,107.317689141184,3.450628184342843,176.97693878255407,22.546875,7.942708333333333
1500,Constant|gap30,192,138.52639131430104,3.490970961124029,1363.4097192275017,21.16611870581756,0,0.0,0.0,20.9265625,50.918749999999996,0.9124401430348259,0.8474937810945273,113.54097707218821,3.503801547396537,187.34702884733923,25.181250000000002,8.015625
1500,Constant|ideal,192,136.11285280709393,3.476442684564375,1349.9692106334398,24.3558667885473,0,0.0,0.0,21.807291666666668,51.799479166666664,0.9125808457711443,0.8474160447761193,108.45423603599625,3.4831297385798394,177.47804843860052,21.807291666666668,7.911458333333333
1500,MSC-GP|delay0.5,192,109.33385396249682,3.1291498000975873,1058.8812109824726,24.112395097820563,0,0.0,0.0,22.093229166666664,52.08541666666667,0.9333589863184079,0.8642754975124379,95.18320717735338,3.2753259350862627,161.72965681325792,21.608854166666664,7.71875
1500,MSC-GP|delay1,192,106.48681773741463,3.0728376236693524,924.5635883907485,20.102935731962756,0,0.0,0.0,26.696875000000002,56.6890625,0.9316417910447762,0.8647722325870649,95.06861891853237,3.2589222942897442,164.523447574032,25.71197916666667,7.630208333333333
1500,MSC-GP|delay1-gap10,192,108.03520508149515,3.0890479615062643,960.694176764003,20.80498220434597,0,0.0,0.0,26.270833333333332,56.263020833333336,0.9312103544776119,0.8644706156716419,93.80856455952832,3.212950162681198,162.75989043330327,27.86822916666667,7.645833333333333
1500,MSC-GP|delay2,192,103.99311969617818,2.987066122714224,1002.1058109506076,22.11974399645255,0,0.0,0.0,31.503125,61.49531249999999,0.9313417288557214,0.864375,94.2513984297678,3.2140204651300754,160.58771647275898,29.559895833333332,7.520833333333333
1500,MSC-GP|gap10,192,113.46311475951384,3.181543132809577,928.6603540710124,21.53343920791562,0,0.0,0.0,21.254166666666666,51.24635416666666,0.9300544154228856,0.8638736007462686,96.98051059178775,3.24969104135388,163.33776699140324,24.24427083333333,7.75
1500,MSC-GP|gap30,192,117.88637409799648,3.2575896154150183,954.1827212145582,19.33402374700871,0,0.0,0.0,20.347916666666666,50.34010416666666,0.9306281094527363,0.8651189365671641,106.75185110092612,3.380251517035531,186.20435467038382,35.40052083333333,7.65625
1500,MSC-GP|ideal,192,111.39440830519544,3.1547802535903138,909.3639687606535,20.233706098734146,0,0.0,0.0,21.61927083333333,51.61145833333333,0.9303125,0.8642203047263681,97.67709518981177,3.284628809914961,164.6250382002862,21.61927083333333,7.729166666666667
1500,Periodic|delay0.5,192,91.6497327820957,3.038696471458721,1209.8000683823886,28.901428594717057,0,0.0,0.0,25.66197916666667,55.65416666666667,0.9216682213930348,0.8501220460199005,74.11408861035797,3.150636833040047,130.0227859643622,25.1671875,11.255208333333334
1500,Periodic|delay1,192,91.0011025249007,3.0277123978240117,1275.2323743216953,30.40764100305969,0,0.0,0.0,26.15729166666667,56.14947916666667,0.9215477300995026,0.8490648320895522,75.26026939923379,3.1717027977373777,130.63313794280157,25.1671875,11.255208333333334
1500,Periodic|delay1-gap10,192,135.94989333559155,3.467770236002468,1807.7496725549865,30.406610554073605,2,0.00015935945273631844,13.2,23.735937499999995,53.728125,0.9236108519900498,0.8555223880597015,180.50685276923517,3.9712333971878175,247.6350470663105,25.1671875,11.255208333333334
1500,Periodic|delay2,192,93.41802960785772,3.070959788008386,1260.9959153504892,28.39455908477509,0,0.0,0.0,27.152083333333337,57.14427083333334,0.922421486318408,0.8492646144278607,73.70092583357852,3.14361696529535,131.42509983373682,25.1671875,11.255208333333334
1500,Periodic|gap10,192,137.55255377310078,3.5092161175333465,1802.6331297059758,29.01431941355656,1,8.628731343283582e-05,6.6,22.801562500000003,52.79374999999999,0.9226531405472637,0.8556700870646766,175.6186488689337,3.8513130327272376,245.9221668455563,25.1671875,11.255208333333334
1500,Periodic|gap30,192,141.7820217984297,3.5517827144444936,1802.6331297059758,29.01431941355656,1,8.628731343283582e-05,6.6,22.276041666666668,52.268229166666664,0.9229547574626865,0.8561100746268657,184.99374813210224,3.942014205321563,254.29464525582793,25.1671875,11.255208333333334
1500,Periodic|ideal,192,94.72711746506661,3.1091008406323115,1225.727990930801,29.01757635042263,0,0.0,0.0,25.1671875,55.159375000000004,0.9208333333333334,0.8503575870646766,75.35418560968526,3.1792458784790085,130.36529168106924,25.1671875,11.255208333333334
1500,RIT-fine|delay0.5,192,149.99089708522447,3.6189327929042894,1528.4855145875229,26.803121508620933,1,3.88681592039801e-06,0.5,21.71302083333333,51.70520833333333,0.9132314987562188,0.8498903917910449,121.96722617598455,3.6251267937389193,187.4820388040434,21.218229166666667,7.322916666666667
1500,RIT-fine|delay1,192,150.3799289809754,3.6213234120853737,1501.135882901544,24.32519364227411,1,7.77363184079602e-07,0.1,25.942708333333332,55.934895833333336,0.9035968594527364,0.845546486318408,124.66596479844718,3.6599821842324185,191.46381580680995,24.968229166666664,7.270833333333333
1500,RIT-fine|delay1-gap10,192,152.4690123745349,3.6486814454220706,1501.135882901544,24.32519364227411,1,7.77363184079602e-07,0.1,25.558854166666666,55.55104166666666,0.903036380597015,0.8453529228855721,125.54285902638122,3.6698365483603403,192.29869014190248,25.9109375,7.296875
1500,RIT-fine|delay2,192,149.07228891954142,3.5836373356777753,1537.0579739820996,26.047003443950175,1,6.996268656716417e-06,0.9,30.41354166666667,60.40572916666667,0.9005402674129354,0.8462515547263681,123.10436902928261,3.639627277917276,188.71714997563657,28.444270833333334,7.109375
1500,RIT-fine|gap10,192,152.9232329476197,3.675284536373921,1381.6701051688215,22.36840659409027,0,0.0,0.0,20.902604166666666,50.89479166666666,0.9118493470149254,0.8490158582089552,119.2336112679232,3.5966769428903733,187.1510264575877,21.960416666666664,7.390625
1500,RIT-fine|gap30,192,159.00976529066344,3.7558644258510974,1461.3680572414262,22.626630753496265,0,0.0,0.0,20.361458333333335,50.353645833333324,0.9115935945273632,0.8490251865671642,125.52435768084707,3.664895514184363,202.06990861961816,25.116666666666664,7.463541666666667
1500,RIT-fine|ideal,192,153.1428050563537,3.683571558032562,1472.6216756456129,25.1067810038868,0,0.0,0.0,21.252083333333335,51.24427083333333,0.9121315298507463,0.849023631840796,119.70337521145396,3.617502229169699,187.39768552338555,21.252083333333335,7.354166666666667
