req,name,n,position_rmse,velocity_rmse,position_peak,velocity_peak,bad_arcs,bad_fraction,longest_bad,laser_time,laser_all_time,position_coverage,velocity_coverage,event_position_rmse,event_velocity_rmse,event_position_peak_mean
500,MSC-GP,768,39.51686075622658,2.2066795777135915,386.3610751649422,18.5507705441477,0,0.0,0.0,36.17456597222222,66.16642795138888,0.9185755143553068,0.8415204899979271,40.664741653446,2.576176119094556,70.1769477822122
500,Periodic,768,38.63418476693029,2.195769587538474,423.08910785103444,20.692481472320363,0,0.0,0.0,39.876475694444444,69.86833767361111,0.9185147504664178,0.8412031962582919,38.815004257712474,2.5353790261759133,66.74559713339312
500,RIT,768,38.82043204470081,2.223686371179999,335.75136731597695,19.11953927244391,0,0.0,0.0,36.74344618055556,66.73530815972222,0.9185647284411277,0.8413355423403814,39.32885635125336,2.564114409608435,68.24193893556857
500,NoGuard,768,82.98583599353636,2.764465965418319,877.5146586820856,23.183069755182796,62,0.0020849204498341626,72.4,24.533268229166666,54.52513020833334,0.9173259354270314,0.8529773981654228,77.06234813004338,2.9175725754894,125.6340180993736
500,SS8-GP,768,39.922813082767675,2.231486994575093,405.88113145465775,22.77599377538888,0,0.0,0.0,35.65987413194444,65.6517361111111,0.9154038401741293,0.8367872875207297,41.259242274064164,2.598933491212021,70.66989058196458
1000,MSC-GP,768,92.16056645496282,2.910810320231309,893.02202382767,25.552137843283653,0,0.0,0.0,23.562456597222223,53.55431857638888,0.9142820403192372,0.8520246424129353,80.17107892789943,2.9570616728135084,132.5240146649106
1000,Periodic,768,47.79692533944193,2.4157298739381177,615.2254265013935,22.194918629500975,0,0.0,0.0,34.098719618055554,64.09058159722223,0.9206601432939469,0.8464061204394694,50.669835055647376,2.7896424285401396,85.46943578781841
1000,RIT,768,74.9845746862004,2.8731550561950243,942.5391663991131,25.647944441408097,0,0.0,0.0,26.08361545138889,56.075477430555544,0.9199250816231342,0.8471737018034826,56.5649551157293,2.852164241731813,99.56432819682196
1000,NoGuard,768,99.59004703322937,2.9739367868043773,1367.4650791980089,28.35427113200498,6,8.583385157545606e-05,19.2,22.606857638888886,52.598719618055554,0.9339516933561359,0.8674870763370647,84.25464554528756,3.0027341867007076,139.4695471448566
1000,SS8-GP,768,92.93316573849548,2.9355398629797924,1046.7171528756883,27.640458234457675,1,5.830223880597015e-06,3.0,23.10466579861111,53.09652777777777,0.9110979931073797,0.8480306475435322,79.67015926705427,2.954852930987251,131.45195725981046
1500,MSC-GP,768,109.1668648782693,3.0823076043097744,1146.60759860898,25.399775320762576,0,0.0,0.0,21.782552083333332,51.7744140625,0.9335793687810945,0.8677385857172472,95.95673442609198,3.1984321805134526,159.79795618399814
1500,Periodic,768,92.25025723326247,3.040865395090057,1301.3582927214302,29.01757635042263,0,0.0,0.0,25.293229166666666,55.28509114583333,0.9233908258188226,0.8524710432213931,78.40944839539617,3.173662345185545,133.3963473324878
1500,RIT,768,140.63243892804465,3.4794517487661607,1472.6216756456129,25.1067810038868,0,0.0,0.0,21.497526041666664,51.48938802083334,0.9152094993781094,0.851881478026534,114.12425001510847,3.537674120212694,185.00174573303912
1500,NoGuard,768,157.27440943708083,3.3685333036150613,1639.7455088138677,24.80512666166811,9,0.0001224670916252073,19.9,20.25900607638889,50.250868055555564,0.9337851432939469,0.8709270703772803,118.15350399478078,3.429405339851555,196.11788009398185
1500,SS8-GP,768,112.1793318357216,3.1503340848301526,1702.5705989177134,36.07883355916645,1,1.2826492537313434e-05,6.6,21.285004340277776,51.276866319444444,0.9293627565298507,0.8626936929933665,96.35207563457983,3.2106070045994826,162.02707884745962
