req,name,axis,value,n,position_rmse,velocity_rmse,position_peak,velocity_peak,bad_arcs,bad_fraction,longest_bad,laser_time,laser_all_time,position_coverage,velocity_coverage,event_position_rmse,event_velocity_rmse,event_position_peak_mean
500,MSC-GP,freq,5,192,46.36300027047883,2.4837005451698735,383.5032430242218,13.606409545160409,0,0.0,0.0,35.296875,65.28125,0.9170164800995023,0.8288697139303481,46.977874397447835,2.850409189429071,78.4515043142896
500,MSC-GP,freq,10,192,39.87804710581633,2.229539834927212,386.3610751649422,17.806146895329334,0,0.0,0.0,36.11822916666667,66.11041666666667,0.9184048507462687,0.8402992848258707,40.33493891127386,2.5755082191865624,70.40380679077309
500,MSC-GP,freq,15,192,37.14489571738515,2.122442549026926,336.6077821239046,18.5507705441477,0,0.0,0.0,36.08784722222222,66.08263888888888,0.9141547470978443,0.8423035862354893,38.41124927987694,2.4951080943524855,67.79662695753402
500,MSC-GP,freq,20,192,33.567833162098154,1.9578969296846636,319.5588485228757,16.499634728168722,0,0.0,0.0,37.1953125,67.19140625,0.9247259794776119,0.8546093749999999,36.1280058105426,2.3586212179130888,64.05585306625208
500,MSC-GP,level,0,96,23.187191066147406,0.8588634603104999,170.9067033269109,4.9505900454275755,0,0.0,0.0,25.993402777777778,55.99340277777778,0.9990067889718076,0.9983434390547264,23.318314458354678,0.7844887812802863,40.407981283876296
500,MSC-GP,level,1,96,25.860168909700313,1.1464651257694731,148.76678811567868,5.585235109195016,0,0.0,0.0,31.590277777777775,61.59027777777778,0.986634535655058,0.924331726782753,24.71424856399436,1.0151813004851313,46.8116017470299
500,MSC-GP,level,2,96,29.35004745402309,1.499721952649465,157.7890687751045,7.980468786340328,0,0.0,0.0,33.92673611111111,63.91371527777778,0.951638163349917,0.8522442475124379,28.765687530008087,1.5300559481408909,51.98934139999781
500,MSC-GP,level,3,96,35.058763640974824,1.9293174155875277,230.756996961716,10.932869596043735,0,0.0,0.0,35.39253472222222,65.39253472222222,0.9133247823383085,0.8148266480099503,34.39227933083966,2.1277698851080045,63.292408218179744
500,MSC-GP,level,4,96,42.56423351939141,2.321286292392075,251.19449743302292,12.943352306119838,0,0.0,0.0,37.76197916666666,67.74895833333333,0.8857252798507463,0.7909312810945274,44.64501542316322,2.751568559626994,80.45919098018645
500,MSC-GP,level,5,96,43.31721725783865,2.5481859458573908,336.6077821239046,18.35109094546291,0,0.0,0.0,40.39270833333333,70.3796875,0.8821035447761193,0.8049106032338308,44.0465052044512,3.030323434921545,79.19291656333881
500,MSC-GP,level,6,96,52.3879173984579,3.044284354512601,344.36074969626935,16.499634728168722,0,0.0,0.0,41.668055555555554,71.65503472222223,0.8566708126036483,0.7688945895522389,56.77676661350307,3.6553464782347467,100.2195897913976
500,MSC-GP,level,7,96,52.56550901160259,3.1277354138630393,386.3610751649422,18.5507705441477,0,0.0,0.0,42.67083333333333,72.65781249999999,0.8735002072968491,0.7776813847429519,53.91905908008275,3.8030813860626074,99.04255227369096
500,MSC-GP,range_bin_km,500,192,34.380424336635635,2.0952688448048393,317.2858693871666,16.499634728168722,0,0.0,0.0,39.34626736111111,69.34626736111112,0.9418550476782753,0.8784030368988391,32.093526491227856,2.2335806709795665,60.692529604299025
500,MSC-GP,range_bin_km,1000,192,34.62894003160118,2.0292486078515313,298.12722228168406,15.680425314937859,0,0.0,0.0,36.73854166666667,66.73854166666666,0.9337825196932007,0.8544198279436152,35.694576933475936,2.3862883785040303,63.72328842125166
500,MSC-GP,range_bin_km,1500,192,46.16092715757511,2.4455926295640817,386.3610751649422,18.5507705441477,0,0.0,0.0,34.18220486111111,64.18220486111112,0.8956490982587063,0.8151373341625208,49.87264051634629,2.948159941074951,82.35138121896223
500,MSC-GP,range_bin_km,2000,192,41.64517828970944,2.2335653741356203,356.06937894942615,14.781233160462806,0,0.0,0.0,34.43125,64.39869791666666,0.9030153917910448,0.8181217609867332,42.69786081047087,2.6780275780985465,73.94059188433587
500,Periodic,freq,5,192,47.146446978223146,2.5096185437483465,376.1477452993854,16.85785491941741,0,0.0,0.0,37.37916666666667,67.36354166666666,0.9171579601990049,0.8285618781094527,47.26189470900689,2.8426018504184865,78.09684404140519
500,Periodic,freq,10,192,39.01138584683958,2.2248429054156214,423.08910785103444,20.692481472320363,0,0.0,0.0,39.705729166666664,69.69791666666667,0.9170491293532339,0.8412080223880597,39.17672483143982,2.5529005066157358,68.18817275761437
500,Periodic,freq,15,192,35.08555677861192,2.0865746447585267,339.735332163458,17.433411408387347,0,0.0,0.0,40.497569444444444,70.49236111111111,0.9151616915422885,0.8420900704809288,34.98367876743849,2.432579679528335,62.21442322505116
500,Periodic,freq,20,192,31.53932382906507,1.9192997132242162,276.8307781459384,15.028598343308067,0,0.0,0.0,41.9234375,71.91953125,0.9246902207711442,0.8529528140547263,32.156771946170466,2.279793203682131,58.48294850950175
500,Periodic,level,0,96,22.30498131172284,0.8493633263929475,191.02523956577008,5.449369853967666,0,0.0,0.0,31.21857638888889,61.21857638888889,0.9990140443615257,0.9980542599502487,22.95862928702823,0.8088034820105049,38.39118301858561
500,Periodic,level,1,96,25.792836568141148,1.1641342790609268,177.35260157245412,6.118124142827284,0,0.0,0.0,35.97465277777778,65.97465277777778,0.9862580327529021,0.9206633499170813,23.808633956672935,0.9955876922418789,42.92097199073205
500,Periodic,level,2,96,29.390287559024582,1.4986778051044631,195.3685192804593,6.712108396265118,0,0.0,0.0,37.900868055555556,67.88784722222222,0.9512748756218906,0.8524007566334991,26.426588902001196,1.4756304977713939,47.79130211322105
500,Periodic,level,3,96,34.27353275258212,1.9097006709706827,213.6510500591391,8.969857173962884,0,0.0,0.0,39.07934027777778,69.07934027777777,0.9127951388888889,0.8141350538971808,32.701806675583754,2.0733330318397214,59.416258580489284
500,Periodic,level,4,96,40.861872241347186,2.3033962077351844,263.70937886430943,13.252274643168786,0,0.0,0.0,41.106770833333336,71.09375,0.8829871475953565,0.7912036173300167,42.17795064811206,2.707824160064234,76.77691771780853
500,Periodic,level,5,96,41.95110096756759,2.509857352217004,321.63705137988904,15.680418650746054,0,0.0,0.0,43.69739583333333,73.684375,0.8840723466003316,0.8070703772802653,41.66541970718417,2.9730844823042735,76.50797661474462
500,Periodic,level,6,96,50.88417867350661,3.018347602788476,345.33891226975635,17.049978383330178,0,0.0,0.0,44.60902777777778,74.59600694444445,0.8565692371475954,0.7668980617744611,54.43947844986342,3.6109377241197547,95.9266247201337
500,Periodic,level,7,96,52.160982414197996,3.14422866324969,423.08910785103444,20.692481472320363,0,0.0,0.0,45.42517361111111,75.41215277777778,0.8751471807628524,0.7792000932835821,52.081382850321,3.7540920380883067,96.2335423114301
500,Periodic,range_bin_km,500,192,35.56819254344204,2.121782930096923,351.9361505980725,17.049978383330178,0,0.0,0.0,42.18003472222222,72.18003472222222,0.9407449730514097,0.8771929415422886,30.39504386734921,2.2058697508275587,55.93262871973215
500,Periodic,range_bin_km,1000,192,34.330012544987,2.019838280174891,322.29266206190186,16.85785491941741,0,0.0,0.0,40.2328125,70.23281250000001,0.9345364324212273,0.8555204446517412,34.701554439610526,2.376672449003913,61.78657854889414
500,Periodic,range_bin_km,1500,192,43.3880736531848,2.4004548597557074,423.08910785103444,20.692481472320363,0,0.0,0.0,38.293315972222224,68.29331597222222,0.8988563691956881,0.8151220460199005,46.79836317108579,2.874624038897085,78.20772846143947
500,Periodic,range_bin_km,2000,192,40.549104958564925,2.2229987206474475,303.9337494068854,14.36947313684056,0,0.0,0.0,38.799739583333334,68.76718749999999,0.8999212271973466,0.8169773528192371,41.33128178981115,2.633380066191664,71.05545280350674
500,RIT,freq,5,192,47.842713631722546,2.5381829203231283,329.2523955383191,15.043814014785893,0,0.0,0.0,34.671875,64.65625,0.9178389303482587,0.8298072139303484,47.75112410709997,2.8591305683580295,79.12622817956039
500,RIT,freq,10,192,38.1570744303876,2.2258898730235614,335.75136731597695,19.11953927244391,0,0.0,0.0,36.67083333333334,66.66302083333333,0.9179244402985075,0.8418431281094527,39.01826424325899,2.5645566444209664,68.46505418483468
500,RIT,freq,15,192,35.36220566511002,2.1212660399292194,307.25263327145984,17.477951054820355,0,0.0,0.0,37.246180555555554,67.24097222222223,0.9153705431177447,0.8408649461028194,35.99582703794064,2.4633635058502192,64.72285778565472
500,RIT,freq,20,192,32.1361262493513,1.9703797688468097,307.68150606912496,17.249171267678143,0,0.0,0.0,38.38489583333334,68.38098958333333,0.9231250000000001,0.8528268812189056,32.99608166731768,2.3407248174291526,60.65361559222447
500,RIT,level,0,96,22.691354212457654,0.8805834320057927,168.27624722725972,5.814626884445871,0,0.0,0.0,29.13819444444444,59.138194444444444,0.998876710199005,0.9982040319237148,23.61244565231918,0.8471298268485118,39.655288453529366
500,RIT,level,1,96,26.43053779726477,1.2034732109224768,197.9350570945291,6.268672434090351,0,0.0,0.0,33.369791666666664,63.369791666666664,0.9871260883084577,0.9220944755389718,24.37689873469915,1.030256883926744,43.43332813275507
500,RIT,level,2,96,29.321418963312627,1.5036290330911792,164.7497103430302,7.628605229634808,0,0.0,0.0,35.16857638888889,65.15555555555555,0.9526290422885572,0.8523499689054725,27.69964365663519,1.5182465768120723,48.19438158699447
500,RIT,level,3,96,35.21104771130111,1.9598368967438633,210.40221773105378,10.057550364383085,0,0.0,0.0,36.21423611111111,66.2142361111111,0.9101023528192372,0.8118996165008293,33.77044651967653,2.1124940823814935,61.83425546265141
500,RIT,level,4,96,40.38968255334761,2.305457527826866,246.47594238073304,12.749018803198974,0,0.0,0.0,37.99305555555556,67.98003472222223,0.8870613080431177,0.7924489531509121,40.92095086560745,2.6911823690394967,74.99131589870002
500,RIT,level,5,96,43.147191754199106,2.5718371849026145,335.75136731597695,15.907354802222171,0,0.0,0.0,39.859722222222224,69.84670138888889,0.8817589137645108,0.8051901948590382,43.85203645092613,3.02859278097242,80.48761170669086
500,RIT,level,6,96,51.54872410187216,3.0708165430316856,307.68150606912496,17.249171267678143,0,0.0,0.0,40.62065972222222,70.6076388888889,0.8562489635157546,0.7701622097844112,54.603238563710505,3.631382460751253,98.25077838790315
500,RIT,level,7,96,50.92048319031957,3.142167656034676,329.2523955383191,19.11953927244391,0,0.0,0.0,41.583333333333336,71.5703125,0.8747144485903814,0.7783348880597014,52.30237522758853,3.8011740535445826,99.08855185532421
500,RIT,range_bin_km,500,192,35.31990786846312,2.140536959379653,311.07295808284454,17.249171267678143,0,0.0,0.0,38.886892361111116,68.88689236111111,0.9408129923300166,0.8796119662106135,32.655255688954135,2.2771261415959922,61.526385082967685
500,RIT,range_bin_km,1000,192,34.727414811598805,2.053652261448568,335.75136731597695,15.907354802222171,0,0.0,0.0,37.18628472222222,67.18628472222223,0.9346728596600332,0.8536992122719734,35.191589092754285,2.399834024560418,62.73298384217776
500,RIT,range_bin_km,1500,192,43.938983022139695,2.4408397514098534,321.12082152666216,19.11953927244391,0,0.0,0.0,35.15286458333333,65.15286458333334,0.8983712945688227,0.8136157752902156,47.029657670691584,2.901204992939397,78.25380134539513
500,RIT,range_bin_km,2000,192,40.54602713208138,2.240990747861549,329.2523955383191,16.37426211038655,0,0.0,0.0,35.74774305555555,65.71519097222222,0.9004017672056385,0.8184152155887231,40.87093588338064,2.6338628667818424,70.4545854717337
500,NoGuard,freq,5,192,94.72151761867255,2.989115368381797,877.5146586820856,21.212638341135914,20,0.0040858208955223884,72.4,22.641666666666666,52.62604166666667,0.9123818407960199,0.840567475124378,83.99637945794129,3.1331369039714296,133.6337894300669
500,NoGuard,freq,10,192,84.58873073199607,2.796710999699012,770.0541066883067,23.183069755182796,14,0.0018897699004975126,70.0,24.582291666666666,54.57447916666666,0.915048196517413,0.8503000621890546,80.90641577414678,2.9420006932108107,130.02888882136745
500,NoGuard,freq,15,192,77.73238405727902,2.668032109167865,633.933154085064,22.00424070866599,13,0.0010934908789386403,54.2,24.825,54.81979166666667,0.9166879145936981,0.8568330223880597,74.2330740592512,2.841484051245931,123.79823204995584
500,NoGuard,freq,20,192,73.32702846919071,2.5873325760212067,821.5960787312985,20.336466877328185,15,0.0012706001243781096,56.1,26.08411458333333,56.08020833333333,0.9251857898009951,0.8642090329601989,68.13686841583022,2.739155413923396,115.07516209610422
500,NoGuard,level,0,96,45.76291934136933,0.9604530421487038,318.80410202611057,6.412931850391744,0,0.0,0.0,13.650520833333331,43.65052083333334,0.9993625621890546,0.9985908996683249,47.41830623197978,0.9538202593037279,74.20213828816628
500,NoGuard,level,1,96,51.900726406247536,1.3669153254847206,378.34170486902906,7.392483953468884,0,0.0,0.0,19.60625,49.606249999999996,0.9869182732172471,0.9343172160033166,60.92641341735575,1.4092146561412646,108.42044136715954
500,NoGuard,level,2,96,59.200633207394084,1.7778789143601919,479.43364090263736,8.458500433181667,0,0.0,0.0,22.254166666666666,52.24114583333333,0.9536580120232173,0.8803446310116086,63.40122264699021,1.806168087841799,112.81242945891377
500,NoGuard,level,3,96,70.0815830268034,2.3362335788849005,511.5445575273252,11.841809036557578,1,5.286069651741293e-05,2.0,23.960243055555555,53.96024305555556,0.9199608727197347,0.8431239635157546,70.77808143344693,2.392180168411643,120.84752501554817
500,NoGuard,level,4,96,90.36734718879873,2.7953690745844644,821.5960787312985,16.551659309274893,7,0.0013606446932006636,56.1,26.428298611111114,56.41527777777778,0.8857651844941957,0.813455638474295,80.66252809858086,3.032907087195072,135.02013021464336
500,NoGuard,level,5,96,88.04043426545853,3.1879013846156705,577.7153575925796,17.62758473425402,3,0.00012645107794361527,5.4,28.972916666666663,58.95989583333334,0.8799709784411277,0.8086263992537313,78.67686195975476,3.377897173790345,140.04664602559367
500,NoGuard,level,6,96,124.08958780120722,3.896491414429162,877.5146586820856,23.183069755182796,21,0.010500621890547263,72.4,30.188194444444445,60.17517361111111,0.8453179415422886,0.7682581882255389,115.1830733116128,4.1513610137287165,172.02097268974651
500,NoGuard,level,7,96,102.8276084534888,4.070498670347209,770.0541066883067,22.00424070866599,30,0.004638785240464345,64.0,31.205555555555552,61.19253472222223,0.8676536587893864,0.7771022491708126,80.96564770064991,4.286595004149047,141.70186173521753
500,NoGuard,range_bin_km,500,192,74.44265661206083,2.8498033600338264,770.0541066883067,21.08724867488917,23,0.0011143501243781094,21.6,27.765451388888888,57.76545138888889,0.9315947605721394,0.8774556902985075,59.23751764314926,2.5645794777783584,104.13780328375418
500,NoGuard,range_bin_km,1000,192,65.71621344995134,2.4802156665588226,603.7675313844509,21.212638341135914,7,0.00022996994195688227,16.6,25.099826388888886,55.09982638888889,0.9375824004975124,0.8720480928689884,63.75268230682626,2.7259163684332934,111.99266288854915
500,NoGuard,range_bin_km,1500,192,99.9782060004901,3.003735047231438,877.5146586820856,22.00424070866599,24,0.00550787728026534,70.0,22.740190972222223,52.74019097222222,0.899957504145937,0.8273134328358208,87.36325710680633,3.3057220251166584,136.16603650677806
500,NoGuard,range_bin_km,2000,192,87.69620512569087,2.69700113428871,650.7470924869806,23.183069755182796,8,0.0014874844527363181,72.4,22.527604166666663,52.49505208333333,0.9001690764925373,0.8350923766583748,92.4586140233376,3.0188462829557174,150.23956971841304
500,SS8-GP,freq,5,192,46.401304940667295,2.49166957041472,356.06937894942615,14.093511534652617,0,0.0,0.0,34.83229166666666,64.81666666666666,0.9166246890547264,0.8244931592039801,47.40254737642627,2.869969559545373,79.01602206497404
500,SS8-GP,freq,10,192,40.55983289295114,2.278268684745205,386.3610751649422,14.904605562634446,0,0.0,0.0,35.70520833333334,65.69739583333333,0.9143757773631841,0.8344247512437811,41.97804268837126,2.6331589669728235,72.2155605485786
500,SS8-GP,freq,15,192,37.29092649892501,2.1317542576262998,405.88113145465775,22.77599377538888,0,0.0,0.0,35.77569444444444,65.77048611111111,0.9133768656716418,0.8411432421227198,37.77982529140454,2.4797331432363245,66.99368748930107
500,SS8-GP,freq,20,192,34.446040035355,1.9936988651503875,331.07322084599065,19.11393315312484,0,0.0,0.0,36.32630208333333,66.32239583333335,0.9172380286069651,0.8470879975124378,37.05168724025382,2.3871517101438826,64.45429222500458
500,SS8-GP,level,0,96,21.90553536341777,0.815975721954048,150.48402674197465,6.31085871906545,0,0.0,0.0,25.642361111111114,55.642361111111114,0.9989238702321724,0.998753627694859,21.850297184626438,0.7511826143821663,37.764662044388814
500,SS8-GP,level,1,96,25.5743382124722,1.1364609243550001,152.27050289976324,6.260711065164807,0,0.0,0.0,31.31006944444444,61.310069444444444,0.9862590692371476,0.9239059908789385,25.484861672735544,1.0473299406063223,47.183521371070306
500,SS8-GP,level,2,96,31.04025862436606,1.5527352790194298,169.075106307928,8.158267506899723,0,0.0,0.0,33.89791666666667,63.88489583333333,0.9505768034825871,0.8424746061359868,30.30957801856242,1.5689763147933398,54.167118019035
500,SS8-GP,level,3,96,35.11573896299372,1.9140917536782804,204.80725575393168,11.12263025727372,0,0.0,0.0,35.07621527777778,65.07621527777778,0.912489116915423,0.813519641376451,33.989908057647284,2.0945550772222012,62.0786349398879
500,SS8-GP,level,4,96,42.43924132670302,2.330900458212976,251.19449743302292,12.943352306119838,0,0.0,0.0,37.119618055555556,67.10659722222222,0.8838225538971808,0.7855858727197346,44.09744797136862,2.7292742862993222,79.62313896093882
500,SS8-GP,level,5,96,43.450850786588475,2.5709179702794795,318.7974873242439,15.573039058441578,0,0.0,0.0,39.528124999999996,69.51510416666666,0.8775759224709785,0.7988601264510778,45.47522222766076,3.074837991505849,81.71077461034545
500,SS8-GP,level,6,96,53.395031626680975,3.085919127193079,344.36074969626935,19.11393315312484,0,0.0,0.0,40.918055555555554,70.90503472222223,0.8486238080431178,0.7597172989220565,57.524529377584656,3.6710055794445564,99.87695383510085
500,SS8-GP,level,7,96,53.66601309679679,3.199776045361259,405.88113145465775,22.77599377538888,0,0.0,0.0,41.786631944444444,71.7736111111111,0.8649595771144277,0.771481135986733,55.642163140180834,3.8917567489801193,102.95432087494942
500,SS8-GP,range_bin_km,500,192,35.072382487599626,2.1249858170579037,354.5959938420146,16.17448153577209,0,0.0,0.0,38.72456597222222,68.72456597222221,0.9394342091625209,0.8712384691127695,33.22454335826913,2.3011933242402467,60.82428179677643
500,SS8-GP,range_bin_km,1000,192,35.55210195015689,2.0674307023236014,332.7044633843276,19.11393315312484,0,0.0,0.0,36.218402777777776,66.21840277777777,0.9298677186981757,0.8487948279436153,36.807826680184704,2.421421864982749,64.5477204613066
500,SS8-GP,range_bin_km,1500,192,46.12113471271763,2.4525512647473016,386.3610751649422,18.145254253635695,0,0.0,0.0,33.64661458333333,63.64661458333333,0.8921078202736319,0.8102986370232174,50.072096929958036,2.9508769481251793,83.34649711276353
500,SS8-GP,range_bin_km,2000,192,41.88246630926769,2.261259536189959,405.88113145465775,22.77599377538888,0,0.0,0.0,34.04991319444445,64.0173611111111,0.9002056125621891,0.8168172160033168,42.93482286993343,2.674204898704104,73.96106295701173
1000,MSC-GP,freq,5,192,103.8349830518769,3.171910609255356,851.5928297858779,25.552137843283653,0,0.0,0.0,21.493750000000002,51.478125,0.9128498134328358,0.840303171641791,85.6804352007835,3.1906837822689367,142.6860179376714
1000,MSC-GP,freq,10,192,94.95356061128437,2.9614991007379854,893.02202382767,25.39749334794111,0,0.0,0.0,23.421875,53.4140625,0.9103327114427863,0.8489940920398009,84.78671620727098,2.9923703718805936,136.72674552021238
1000,MSC-GP,freq,15,192,86.25892100262162,2.8124140646678826,746.9481263099991,22.205476678426344,0,0.0,0.0,23.954513888888886,53.949305555555554,0.9118537520729685,0.8541075870646767,79.0358474267074,2.884174999250431,131.83450314340573
1000,MSC-GP,freq,20,192,82.07189656951724,2.6739671227485355,874.0622657674401,21.994444891395098,0,0.0,0.0,25.3796875,55.375781249999996,0.9220918843283582,0.8646937189054725,70.23544821518679,2.7429265538921146,118.8487920583528
1000,MSC-GP,level,0,96,44.66040876792992,0.9462599443217229,378.22207987254166,7.246175484763774,0,0.0,0.0,13.440625000000002,43.44062499999999,0.9988347325870647,0.9988274771973465,46.821048037290794,0.9397777188146232,73.53404402454022
1000,MSC-GP,level,1,96,52.91290357860173,1.3626483547424713,438.7622401365683,8.092873749952762,0,0.0,0.0,19.070833333333333,49.07083333333333,0.9887222740464345,0.934986266583748,63.39386009249841,1.4217097618402328,109.68095693214941
1000,MSC-GP,level,2,96,60.093628309162305,1.7798370037861366,479.43364090263736,8.546428634855815,0,0.0,0.0,21.32361111111111,51.31059027777778,0.9548543739635158,0.8842184908789387,68.55498904078323,1.833685585812404,120.34013780886386
1000,MSC-GP,level,3,96,74.44703357505784,2.405397302857322,585.6018206838637,14.124456344326886,0,0.0,0.0,22.670312499999998,52.6703125,0.9210857172470979,0.8456724191542287,73.66807041594873,2.421117123764252,124.2791250375882
1000,MSC-GP,level,4,96,101.27238378320638,2.950901057469454,714.0999483997855,18.136955128639155,0,0.0,0.0,25.26354166666667,55.25052083333333,0.8730288660862354,0.8100722947761193,84.88635642073021,3.1052023655556824,141.32773027430196
1000,MSC-GP,level,5,96,100.52618410200682,3.409220998750201,663.6289113109199,19.651970316613617,0,0.0,0.0,27.6140625,57.60104166666667,0.8780591832504147,0.8085753524046435,83.17673002887994,3.4428589781385845,150.29996792300938
1000,MSC-GP,level,6,96,136.6423275726894,4.102881953344679,851.5928297858779,22.131944490339016,0,0.0,0.0,29.012152777777782,58.999131944444436,0.8395037831674959,0.7649010157545605,118.06297358566822,4.209176793730404,188.9334055496256
1000,MSC-GP,level,7,96,122.34333874285366,4.348829061367653,893.02202382767,25.552137843283653,0,0.0,0.0,30.10451388888889,60.09149305555555,0.8601673922056384,0.7689438225538971,83.77663371850525,4.314200873511512,151.796749769206
1000,MSC-GP,range_bin_km,500,192,88.72496878546872,3.0551443781602816,893.02202382767,24.073220093834532,0,0.0,0.0,26.618229166666666,56.61822916666667,0.9305341780679933,0.8767366293532338,62.896297047383655,2.637699499020673,109.13694050129361
1000,MSC-GP,range_bin_km,1000,192,72.56278917029567,2.618854751382451,802.0752379084134,25.552137843283653,0,0.0,0.0,24.222916666666666,54.22291666666666,0.9377615827114427,0.8694046693615257,64.22434311466736,2.7633147937014853,119.50757246776554
1000,MSC-GP,range_bin_km,1500,192,107.26778097037295,3.1291453014541077,851.5928297858779,25.39749334794111,0,0.0,0.0,21.881076388888886,51.88107638888889,0.8940733830845771,0.8283208955223881,90.57421522491896,3.3185323316764155,142.00376530541516
1000,MSC-GP,range_bin_km,2000,192,96.59412375882596,2.8120115902330927,708.1624397131148,21.81548992074267,0,0.0,0.0,21.527604166666666,51.49505208333333,0.8947590174129353,0.8336363754145938,97.08351400449378,3.061181277658252,159.44778038516802
1000,Periodic,freq,5,192,56.420033634084824,2.7050169302682696,540.8268994723106,19.817783914182026,0,0.0,0.0,31.59166666666667,61.57604166666666,0.9194247512437811,0.833837064676617,57.22327688746625,3.024937008008457,94.78921482393108
1000,Periodic,freq,10,192,49.095578138548966,2.477635795453784,615.2254265013935,22.194918629500975,0,0.0,0.0,33.994791666666664,63.986979166666664,0.9190360696517413,0.8449378109452735,52.02667513573274,2.8432542943242494,87.70783727854376
1000,Periodic,freq,15,192,44.07859699764198,2.3004228769203143,481.52108299071944,18.82496078080909,0,0.0,0.0,34.74513888888889,64.73993055555556,0.9168869195688224,0.8475041459369818,47.22673858937675,2.6837663814133066,80.17295625147638
1000,Periodic,freq,20,192,40.020814413334726,2.1436562585307564,400.4654028427675,16.898293969232252,0,0.0,0.0,36.063281249999996,66.059375,0.9272928327114428,0.8593454601990049,45.36612786053069,2.586789253462407,79.2077347973224
1000,Periodic,level,0,96,26.06329955039834,0.9296464047529893,238.9350806315352,6.934591961462026,0,0.0,0.0,25.251562499999995,55.2515625,0.9991607068822553,0.9983882669983416,27.57744796816908,0.9044269444231551,44.033992942277145
1000,Periodic,level,1,96,29.474357660015983,1.1952826012076627,223.4348322927914,5.672416006889383,0,0.0,0.0,30.090972222222224,60.09097222222223,0.9876399253731343,0.9251585820895523,27.807103698614036,1.0631429126276906,49.919237171028335
1000,Periodic,level,2,96,35.668072776219546,1.6224879934585956,270.03349051362346,8.3716789852342,0,0.0,0.0,32.11996527777778,62.106944444444444,0.9525492330016584,0.8536536069651741,33.99961586912229,1.6225132742748551,60.2394493805771
1000,Periodic,level,3,96,41.748886619499324,2.089670230181831,299.0132427477047,11.426617557759553,0,0.0,0.0,33.50017361111111,63.50017361111111,0.9171444859038144,0.818129405058043,39.9749544749958,2.1771767470398924,72.56941516856759
1000,Periodic,level,4,96,49.3991666456798,2.507198275911004,362.8454871838427,13.75665725479127,0,0.0,0.0,35.45399305555556,65.44097222222221,0.8919296745439468,0.7987069859038143,53.906074724513346,2.9472325262682153,98.42344384067047
1000,Periodic,level,5,96,52.09282772759801,2.7608316118622964,540.8268994723106,19.074319555026605,0,0.0,0.0,37.810069444444444,67.79704861111111,0.888430244610282,0.8137512956053068,54.71913847374695,3.2463005737060437,99.91707387355115
1000,Periodic,level,6,96,65.05298562494686,3.366108608119011,536.2818907362819,19.878377623486042,0,0.0,0.0,38.8546875,68.84166666666667,0.8562878316749586,0.7785297470978442,72.02367301549334,4.007156416890448,128.46602549003913
1000,Periodic,level,7,96,65.78239109448103,3.4863954381006477,615.2254265013935,22.194918629500975,0,0.0,0.0,39.708333333333336,69.6953125,0.8721390443615258,0.7849310737976783,71.86290752054965,4.201664032405304,130.18684843583637
1000,Periodic,range_bin_km,500,192,45.08913589931103,2.324708469868335,486.67377980577476,18.2246480465621,0,0.0,0.0,36.56805555555555,66.56805555555555,0.9436976575456053,0.8842856032338308,41.2759080088543,2.447549767577107,73.1806421208689
1000,Periodic,range_bin_km,1000,192,43.99004605797007,2.2665803207841644,540.8268994723106,19.878377623486042,0,0.0,0.0,34.53125,64.53125,0.9353735230099502,0.8564039179104478,47.547602246833314,2.673037940215015,79.69018658765442
1000,Periodic,range_bin_km,1500,192,52.5842694659565,2.614968632980746,615.2254265013935,22.194918629500975,0,0.0,0.0,32.35260416666667,62.35260416666667,0.9003132773631841,0.8217485489220563,59.317249264423445,3.1305498413876487,98.6080078942643
1000,Periodic,range_bin_km,2000,192,49.040030220418416,2.4419841366052073,433.66078448347196,16.645043460971927,0,0.0,0.0,32.94296875,62.91041666666667,0.9032561152570482,0.8231864116915423,52.78937029923573,2.8622448379615246,90.398906548486
1000,RIT,freq,5,192,87.4857321529234,3.248363893671045,942.5391663991131,25.647944441408097,0,0.0,0.0,23.83020833333333,53.814583333333324,0.9194698383084577,0.8372527985074627,63.75627704303912,3.0992281572572518,108.44153268176966
1000,RIT,freq,10,192,74.5884438036177,2.8700668572757135,872.4249822011794,24.59661201995007,0,0.0,0.0,25.92864583333333,55.92083333333333,0.9189948694029851,0.8470654539800995,56.89477719744453,2.8701728065369845,100.29098951496889
1000,RIT,freq,15,192,71.72368681142503,2.778443291251708,802.2434498423722,21.237657888637074,0,0.0,0.0,26.642013888888886,56.636805555555554,0.9162842039800995,0.8470055970149254,53.66068971188527,2.77357784875323,95.31397451653052
1000,RIT,freq,20,192,64.25939024204628,2.5517015958211697,842.0027417063759,22.138936244597208,0,0.0,0.0,27.93359375,57.9296875,0.924951414800995,0.8573709577114427,51.156900159089375,2.6464168707970526,94.2108160740188
1000,RIT,level,0,96,31.851116265203387,0.9259458584873345,329.3040756698158,7.417539757567613,0,0.0,0.0,18.115624999999998,48.115625,0.998978285655058,0.9987468905472637,33.52417232564723,0.9354989634487316,55.905541958461484
1000,RIT,level,1,96,39.75456391723454,1.312151792986744,332.8646666647672,9.504741077465987,0,0.0,0.0,22.552083333333332,52.552083333333336,0.9880174647595358,0.9283069029850747,36.001344169979184,1.2025973205758707,65.35611671809514
1000,RIT,level,2,96,49.0032578018142,1.7893174970779016,406.16786531603344,9.74054206334107,0,0.0,0.0,24.339583333333334,54.3265625,0.9525590796019902,0.8690609452736319,40.54273847715316,1.7121707417207193,74.09307869636046
1000,RIT,level,3,96,64.3531537015457,2.427371750752293,605.3225072753413,15.818931157719746,0,0.0,0.0,25.2296875,55.22968749999999,0.9176407027363185,0.8224222636815921,50.276893509702,2.3237636037423335,92.04067026172636
1000,RIT,level,4,96,75.17934936427301,2.893218387373162,626.2606617278879,17.28469051283425,0,0.0,0.0,27.338541666666668,57.325520833333336,0.8969263059701493,0.8042350746268657,60.875961093503946,3.028390671164079,108.80862036776392
1000,RIT,level,5,96,86.75676283806689,3.400314617429997,787.3143483902279,21.856493794340945,0,0.0,0.0,29.330902777777776,59.317881944444444,0.8855747305140961,0.806834577114428,62.116850417390836,3.361996378505874,117.07479990736722
1000,RIT,level,6,96,105.95543363519612,4.0759397885257975,919.2940764315626,24.59661201995007,0,0.0,0.0,30.440104166666668,60.427083333333336,0.8591793635986732,0.7723940194859038,78.10469243888247,4.0359796731724575,141.80511342627247
1000,RIT,level,7,96,106.95186073673366,4.221506098407857,942.5391663991131,25.647944441408097,0,0.0,0.0,31.32239583333333,61.309374999999996,0.8605247201492537,0.7753889407131012,73.07925749329478,4.202692078301171,141.4306842385286
1000,RIT,range_bin_km,500,192,79.10820449243644,3.0169702880949627,942.5391663991131,25.647944441408097,0,0.0,0.0,28.390625,58.390625,0.93053353026534,0.874192449212272,49.14976375044266,2.5686076116757013,88.79993050431919
1000,RIT,range_bin_km,1000,192,67.22445542300474,2.6297154548016843,919.2940764315626,24.553711972637153,0,0.0,0.0,26.483333333333334,56.48333333333333,0.9359656146351574,0.8633596341210614,53.432937741290566,2.7157092885817216,94.2145052431732
1000,RIT,range_bin_km,1500,192,81.3815372761156,3.0632733020744847,872.4249822011794,23.680090607097963,0,0.0,0.0,24.38671875,54.38671875,0.906487614013267,0.8254285862354891,66.53164866775316,3.2041024385036696,115.33661667029543
1000,RIT,range_bin_km,2000,192,71.34813052295753,2.7602397526452638,844.9837386307586,24.59661201995007,0,0.0,0.0,25.073784722222225,55.04123263888889,0.9067135675787728,0.8257141376451078,55.68786404720132,2.881018744816124,99.90626036950002
1000,NoGuard,freq,5,192,105.61494759278627,3.262362118917732,981.8914558588639,28.35427113200498,0,0.0,0.0,20.20625,50.19062499999999,0.9295413557213931,0.8552814054726369,92.76291929914906,3.2599666637070275,153.71329973143008
1000,NoGuard,freq,10,192,99.67183723894533,2.990873662090156,1068.9689477205904,22.366841524100128,1,1.7879353233830847e-05,2.3,22.50572916666667,52.49791666666667,0.9340212997512438,0.8669869402985073,83.44933607265159,2.9873540090569852,135.88561802871288
1000,NoGuard,freq,15,192,99.70903973981838,2.8804533629951656,1016.6430214960278,18.44820388842236,2,1.2956053067993367e-05,1.0,23.089930555555554,53.08472222222222,0.9327591210613599,0.8690360696517413,83.49104140606349,2.951267923926236,138.85016862686007
1000,NoGuard,freq,20,192,92.96141658168122,2.7371256116059492,1367.4650791980089,21.359224308085395,3,0.0003125,19.2,24.625520833333336,54.62161458333333,0.9394849968905472,0.8786438899253731,76.52369764270661,2.7935642826358564,129.42910219242322
1000,NoGuard,level,0,96,56.15481228095766,1.0077704625569865,487.84637972361713,7.875868735147294,0,0.0,0.0,12.098958333333334,42.098958333333336,0.9993755182421228,0.9993744817578772,52.95474548656384,0.9493169594818449,80.93070742058724
1000,NoGuard,level,1,96,61.00941298490942,1.4118207550401187,477.6169741077815,8.469432836287352,0,0.0,0.0,17.914583333333333,47.91458333333333,0.9879780783582088,0.9362603648424545,70.20867674549955,1.5013202981960176,117.73402288658119
1000,NoGuard,level,2,96,66.86956727617859,1.8032134112453113,479.43364090263736,8.957486284837135,0,0.0,0.0,20.313020833333333,50.300000000000004,0.9585250829187396,0.8950546745439469,71.80736169194499,1.8849009586735865,131.42132070374157
1000,NoGuard,level,3,96,78.51401283091751,2.3641995720102025,568.2327650040841,13.870931161406396,0,0.0,0.0,21.772048611111114,51.77204861111111,0.9363469112769485,0.8720144071310116,73.7985219995009,2.426736976415841,129.73227802640218
1000,NoGuard,level,4,96,99.93252318553385,2.9973960078628306,795.5140425640743,16.527621080883044,0,0.0,0.0,24.451736111111114,54.43871527777778,0.9240764925373135,0.8493073694029851,90.83405691322601,3.1730666891680515,151.62004592359284
1000,NoGuard,level,5,96,114.82365867233953,3.539082829192488,751.4217438069152,18.229964957309342,0,0.0,0.0,26.7078125,56.69479166666667,0.9092793843283582,0.8259657441956881,97.92078823865073,3.5758982983789207,166.72994979201712
1000,NoGuard,level,6,96,134.71341513441115,4.142359625338923,981.8914558588639,28.35427113200498,0,0.0,0.0,28.25017361111111,58.23715277777777,0.8865907441956882,0.788362614013267,97.49712068616262,4.1321656207743755,166.8168445611964
1000,NoGuard,level,7,96,143.23139702157354,4.498434100599791,1367.4650791980089,21.900606861491013,6,0.0006866708126036483,19.2,29.346527777777776,59.333506944444444,0.8694413349917082,0.7735569548092869,105.40296370900067,4.427644734171283,170.771207844734
1000,NoGuard,range_bin_km,500,192,106.19829470704501,3.1637534455945846,1367.4650791980089,21.900606861491013,6,0.0003433354063018242,19.2,25.93081597222222,55.93081597222223,0.9259170294361526,0.8728750777363183,85.82404557035478,2.787093763531288,132.51878238802124
1000,NoGuard,range_bin_km,1000,192,82.21317965369039,2.7350585446904425,981.8914558588639,28.35427113200498,0,0.0,0.0,23.298177083333332,53.298177083333336,0.9395838515754561,0.8752398165422886,69.58690175868583,2.83809188184444,125.5930181280991
1000,NoGuard,range_bin_km,1500,192,104.18557818731594,3.1143274471578986,861.8673984979275,21.075408009220787,0,0.0,0.0,20.885677083333334,50.88567708333333,0.9352951388888888,0.8567158996683251,89.23617345045012,3.3238708510677,142.4085479499009
1000,NoGuard,range_bin_km,2000,192,103.83154849391235,2.861517690337862,771.256950147197,22.366841524100128,0,0.0,0.0,20.312760416666666,50.28020833333334,0.9350107535240465,0.8651175114013266,90.68728046056972,3.0323053561343065,157.35784011340502
1000,SS8-GP,freq,5,192,101.62119310071704,3.1358387385311617,896.2548691940382,25.876799273708944,0,0.0,0.0,21.041666666666668,51.026041666666664,0.9130783582089553,0.8385370024875621,82.84838777898555,3.1527253296132844,139.63215620283816
1000,SS8-GP,freq,10,192,97.47991066886402,3.03157882750876,1046.7171528756883,24.234216123211155,1,2.332089552238806e-05,3.0,23.078645833333336,53.070833333333326,0.906689210199005,0.8447800062189055,84.72593326578378,3.007589176967603,137.21161604258361
1000,SS8-GP,freq,15,192,88.36427278946901,2.8746928790543937,912.3961632200097,27.640458234457675,0,0.0,0.0,23.755902777777777,53.750694444444456,0.9090510986733001,0.8509017412935322,78.46259889568317,2.9160895766643478,129.23412262980986
1000,SS8-GP,freq,20,192,83.1194838764056,2.6798811947949384,907.9582053985179,23.266735343098972,0,0.0,0.0,24.542447916666664,54.538541666666674,0.9155733053482588,0.8579038401741294,72.04594755953383,2.726861803342348,119.72993416401015
1000,SS8-GP,level,0,96,42.710589254215975,0.9297592760991579,289.40278032246476,6.229280429851839,0,0.0,0.0,13.208854166666667,43.20885416666667,0.999169776119403,0.9991544879767827,42.9196299799574,0.8898779562688434,71.13048978847954
1000,SS8-GP,level,1,96,52.449217138564954,1.3330726944940847,424.46345795263335,8.86504970779349,0,0.0,0.0,18.863541666666666,48.86354166666666,0.9882366811774461,0.9341057732172472,60.34769997917775,1.3783638658237043,106.64270079430253
1000,SS8-GP,level,2,96,60.19403122382881,1.7614177585397495,519.6490822303036,8.494636380433027,0,0.0,0.0,21.145833333333332,51.1328125,0.9557063640132671,0.8826795708955223,68.74478734398825,1.8472437100348236,119.18989329803483
1000,SS8-GP,level,3,96,74.35827035162367,2.382526545826113,595.564665768028,12.389969609865556,0,0.0,0.0,22.472916666666666,52.47291666666666,0.919185582504146,0.8446823175787728,74.14977852946407,2.4334054733116597,126.26849569482572
1000,SS8-GP,level,4,96,100.40873133174799,2.96556183279546,714.0999483997855,15.950589394915609,0,0.0,0.0,24.659722222222218,54.646701388888886,0.8726808665008292,0.8047942578772803,82.78316738241853,3.0639050011577575,136.99757884166885
1000,SS8-GP,level,5,96,100.26194209205983,3.408620695085481,641.474872935694,18.70290477467762,0,0.0,0.0,26.823958333333334,56.8109375,0.8741049958540632,0.802592247097844,81.97191018815585,3.4193975582253624,149.5325290744634
1000,SS8-GP,level,6,96,139.76147402049398,4.177074568404619,878.0640777021799,25.71556106804182,0,0.0,0.0,28.340104166666666,58.32708333333333,0.8295460199004975,0.7558864531509122,118.33652261543533,4.200408347830881,186.4773219782123
1000,SS8-GP,level,7,96,125.28909687508451,4.433665519417661,1046.7171528756883,27.640458234457675,1,4.664179104477612e-05,3.0,29.32239583333333,59.30937500000001,0.8501536587893863,0.7603500725538973,86.57204976952,4.370409786141239,155.37664860849648
1000,SS8-GP,range_bin_km,500,192,90.429313038666,3.046477822093756,1046.7171528756883,25.876799273708944,1,2.332089552238806e-05,3.0,26.110416666666666,56.11041666666667,0.9279692682421227,0.8705181125621891,62.23497309030263,2.6702969159894723,110.2699817833427
1000,SS8-GP,range_bin_km,1000,192,73.1038132054177,2.640501760626711,779.1423116136759,25.59237139475235,0,0.0,0.0,23.814496527777777,53.81449652777778,0.9341883032752901,0.8678499429933666,62.839748499072,2.7296970852252977,115.22725995074698
1000,SS8-GP,range_bin_km,1500,192,106.55847170544847,3.1516489785674224,878.0640777021799,25.71556106804182,0,0.0,0.0,21.35625,51.356249999999996,0.8918023165422886,0.8246139096185737,91.00007141125131,3.3262341315288664,142.08416843892726
1000,SS8-GP,range_bin_km,2000,192,98.33594013734837,2.8780912417932,912.3961632200097,27.640458234457675,0,0.0,0.0,21.1375,51.10494791666667,0.8904320843698176,0.829140625,96.3654411431869,3.0461546383395945,158.2264188662249
1500,MSC-GP,freq,5,192,118.43300175913063,3.3416375464751042,1146.60759860898,25.399775320762576,0,0.0,0.0,19.316666666666666,49.30104166666666,0.9300606343283583,0.8566371268656717,109.68550470694639,3.3849120938378947,170.099010274284
1500,MSC-GP,freq,10,192,111.39440830519544,3.1547802535903138,909.3639687606535,20.233706098734146,0,0.0,0.0,21.61927083333333,51.61145833333333,0.9303125,0.8642203047263681,97.67709518981177,3.284628809914961,164.6250382002862
1500,MSC-GP,freq,15,192,105.98888093124,2.996489408283953,949.5767182099878,18.70922939664772,0,0.0,0.0,22.396874999999998,52.39166666666667,0.9320413557213931,0.8696864635157545,91.24579171618372,3.116652922961186,157.80162285636425
1500,MSC-GP,freq,20,192,100.00442270720742,2.8114679361376345,1036.0450150075544,22.976245865377578,0,0.0,0.0,23.797395833333336,53.79348958333333,0.9419029850746269,0.8804104477611941,83.26620054636759,2.9933145356344095,146.66615340505808
1500,MSC-GP,level,0,96,57.28021125325045,1.0759463005914218,688.3112733025383,8.705247058397916,0,0.0,0.0,12.104166666666666,42.104166666666664,0.9993840692371476,0.9988331778606966,59.211680056949724,1.1508971513553914,88.6759591407229
1500,MSC-GP,level,1,96,69.72111888472477,1.5949775343217567,649.917588661129,9.791917630615911,0,0.0,0.0,16.947569444444444,46.94756944444445,0.9880166873963515,0.9371509639303482,79.84973865257082,1.6991955518991462,135.93769926991172
1500,MSC-GP,level,2,96,74.31196904736896,1.9538911030626496,723.2763615296379,14.145152747389654,0,0.0,0.0,19.61579861111111,49.60277777777778,0.9580755078772804,0.891141946517413,79.97741204768182,2.052530829279108,143.62222529691107
1500,MSC-GP,level,3,96,91.88424653715605,2.5658202053804136,783.8100251184663,14.283444337981477,0,0.0,0.0,20.947916666666668,50.947916666666664,0.9334465692371476,0.8668291355721394,90.51851463985346,2.6755355602187696,155.43363583070135
1500,MSC-GP,level,4,96,114.99350200507347,3.1090011012908305,916.4238206014188,14.905300994583921,0,0.0,0.0,23.49791666666667,53.48489583333333,0.9250523424543947,0.8399595771144278,100.86766565293874,3.3565184173934175,164.21284940241358
1500,MSC-GP,level,5,96,122.18046417828343,3.620805300154166,798.0838119446737,17.11969778567101,0,0.0,0.0,25.80434027777778,55.79131944444445,0.90759146973466,0.8240365878938641,101.39254057501653,3.6999263697607354,182.9508359931018
1500,MSC-GP,level,6,96,150.11709160970125,4.310056397776924,1146.60759860898,25.399775320762576,0,0.0,0.0,27.166666666666668,57.153645833333336,0.8801414800995025,0.7945097429519071,114.99277784015584,4.335419962278235,188.38337202967338
1500,MSC-GP,level,7,96,150.15153029550672,4.533157704459857,1011.6943604524099,22.976245865377578,0,0.0,0.0,28.176041666666666,58.16302083333333,0.876926824212272,0.7894475538971807,124.54515282150106,4.7439442359445465,219.16707250854932
1500,MSC-GP,range_bin_km,500,192,113.83528428901192,3.1486950974265953,1036.0450150075544,20.233706098734146,0,0.0,0.0,24.972222222222218,54.97222222222223,0.931619247512438,0.8800527311359866,95.45055663872967,3.053301551418554,148.25142703963058
1500,MSC-GP,range_bin_km,1000,192,100.5444545273881,2.9158962674908704,1146.60759860898,25.399775320762576,0,0.0,0.0,22.22447916666667,52.22447916666667,0.9403604373963517,0.8811200507877279,93.27681826745426,3.084714832621862,163.228093430531
1500,MSC-GP,range_bin_km,1500,192,119.10786664572235,3.277179318083253,1011.6943604524099,22.976245865377578,0,0.0,0.0,20.04149305555556,50.041493055555556,0.9281373082504145,0.8469536432421227,109.46280655742035,3.540677557589195,174.66156073171462
1500,MSC-GP,range_bin_km,2000,192,102.0552515411915,2.974196450832622,841.924587534156,19.23778518358022,0,0.0,0.0,19.892013888888886,49.859461805555554,0.9342004819651741,0.862827917703151,83.88861614490929,3.089556622570316,153.05074353411635
1500,Periodic,freq,5,192,106.66756283322772,3.3962124076607996,1301.3582927214302,26.440187045685693,0,0.0,0.0,22.75208333333333,52.73645833333333,0.9235416666666666,0.8404291044776121,84.45491620820579,3.321599549631687,142.99796652852288
1500,Periodic,freq,10,192,94.72711746506661,3.1091008406323115,1225.727990930801,29.01757635042263,0,0.0,0.0,25.1671875,55.159375000000004,0.9208333333333334,0.8503575870646766,75.35418560968526,3.1792458784790085,130.36529168106924
1500,Periodic,freq,15,192,86.49304504313032,2.8981202854824537,1110.5115192991411,28.288569451324445,0,0.0,0.0,25.931250000000002,55.92604166666666,0.9189500414593698,0.8536567164179104,76.1500515049637,3.1135355333867554,129.78836734101696
1500,Periodic,freq,20,192,78.79211415845052,2.718010570238867,1208.7063809804156,24.685828152967098,0,0.0,0.0,27.32239583333333,57.31848958333333,0.9302382618159205,0.8654407649253733,77.34629846242547,3.0747031211798825,130.43376377934212
1500,Periodic,level,0,96,42.94540669440141,1.1273961466528244,515.5842969207831,10.419686693933755,0,0.0,0.0,16.354166666666668,46.354166666666664,0.9992672056384743,0.9985328565505805,47.29304603820782,1.1433663593624706,71.00301308049012
1500,Periodic,level,1,96,52.76651630128092,1.487789383936004,552.2066759601381,12.222551115159748,0,0.0,0.0,21.15451388888889,51.154513888888886,0.9883968179933665,0.9304529436152572,60.03901685545697,1.5155617551306375,110.19616598964055
1500,Periodic,level,2,96,65.99117415111992,2.039139595825612,691.0012190565288,16.017141688816007,0,0.0,0.0,23.251562500000002,53.23854166666666,0.9556156716417911,0.8764902052238807,58.89189532229357,1.963114222013929,109.58980344941406
1500,Periodic,level,3,96,77.43579873936889,2.5687069193655256,652.6553595398509,16.8395429527943,0,0.0,0.0,24.606770833333332,54.606770833333336,0.9229291044776119,0.8326484763681593,59.58618371444161,2.4023482871100543,109.89269032499011
1500,Periodic,level,4,96,94.59423861362146,3.0810971743229407,754.1561282028858,18.592381741662034,0,0.0,0.0,26.694270833333334,56.68125,0.8981763059701492,0.8043340588723051,85.44661734177045,3.37052836242481,147.6280306920946
1500,Periodic,level,5,96,102.42726701946673,3.5383470064690385,1003.2458364105529,25.338731318696553,0,0.0,0.0,29.0125,58.99947916666667,0.8903863495024876,0.8069252694859038,81.92107176865457,3.6130389680428903,148.3212650054805
1500,Periodic,level,6,96,131.85842237960688,4.282233128216714,1301.3582927214302,26.69976658411071,0,0.0,0.0,30.203125,60.190104166666664,0.8608126036484247,0.7750645211442785,98.86252313282915,4.413589070712389,173.00866952757832
1500,Periodic,level,7,96,127.57378228088128,4.402662155667095,1225.727990930801,29.01757635042263,0,0.0,0.0,31.068923611111114,61.05590277777778,0.8715425476782753,0.7953200145107794,111.97438775654064,4.842878496491537,197.5311405902141
1500,Periodic,range_bin_km,500,192,84.26198832005565,2.8176030878872607,757.814871864232,22.283767614650195,0,0.0,0.0,27.886892361111112,57.88689236111111,0.9457975746268658,0.8924681281094528,77.82757547213842,2.9971173925951935,125.3733144512201
1500,Periodic,range_bin_km,1000,192,87.75971805663157,2.9038037439541506,1181.055407490976,26.69976658411071,0,0.0,0.0,25.714756944444446,55.714756944444446,0.939994688018242,0.8743014096185737,68.30285259630018,2.9207887457467843,122.60443869642485
1500,Periodic,range_bin_km,1500,192,110.29325656011454,3.4918430869030894,1301.3582927214302,29.01757635042263,0,0.0,0.0,23.483506944444446,53.48350694444445,0.903081338101161,0.8209334836235489,91.53097796661206,3.5178159786052503,155.0716949552815
1500,Periodic,range_bin_km,2000,192,84.10699499297586,2.902329739433125,792.331404800406,19.731409124482678,0,0.0,0.0,24.08776041666667,54.055208333333326,0.9046897025290216,0.8221811515339966,74.1069179395112,3.2248692846976525,130.53594122702478
1500,RIT,freq,5,192,143.8515455294229,3.5894560057675453,1255.5361826830047,21.079278259251137,0,0.0,0.0,19.484375,49.46875,0.9132602611940298,0.8396330845771144,123.04059494153043,3.718111481308533,191.65683836412893
1500,RIT,freq,10,192,149.84464246624717,3.6488759172670475,1472.6216756456129,25.1067810038868,0,0.0,0.0,21.439062500000002,51.43125,0.9122551305970149,0.8480006218905473,119.58815402978972,3.6315981955683028,187.3904702444479
1500,RIT,freq,15,192,137.04786597026947,3.3927354763912465,1323.7739421582278,22.65945944246109,0,0.0,0.0,21.971874999999997,51.96666666666667,0.9123818407960198,0.853864531509121,111.6518991045879,3.4550317091320975,183.8341241046816
1500,RIT,freq,20,192,131.0768092431106,3.2737125711112287,1330.4250202070511,19.910320602905355,0,0.0,0.0,23.094791666666666,53.09088541666667,0.922940764925373,0.8660276741293531,100.95006985913577,3.333234190795643,177.1255502188981
1500,RIT,level,0,96,45.556937086939655,1.0182907042538334,673.3593149887453,10.639525549202798,0,0.0,0.0,13.813541666666666,43.81354166666667,0.9988152985074628,0.9981374378109452,45.26013889454848,1.0235899903374432,74.24779959515091
1500,RIT,level,1,96,58.53570572725096,1.445701329249543,800.574666591011,14.33816451998367,0,0.0,0.0,18.3,48.300000000000004,0.9872846703980098,0.9267881944444444,66.54974700962791,1.568809746094515,119.38594527682805
1500,RIT,level,2,96,79.8987630708575,2.0394150642429425,1071.7624885840858,15.979210922062174,0,0.0,0.0,19.952256944444443,49.939236111111114,0.9511929933665009,0.8682672574626866,83.42479910729644,2.166203679064569,148.44722061233472
1500,RIT,level,3,96,103.0060818507804,2.648380656214227,738.6979058502367,14.75848124676468,0,0.0,0.0,20.934375,50.93437500000001,0.905894226782753,0.8211828876451078,100.9092263174376,2.789289219117079,164.4400992440326
1500,RIT,level,4,96,156.03273145317033,3.7619665752978473,1277.816210778535,19.90367220344515,0,0.0,0.0,22.677083333333332,52.6640625,0.877952166252073,0.8031599813432835,129.85590330559197,3.7991497732738386,218.44848462768024
1500,RIT,level,5,96,165.90251742332146,4.096608912248442,1287.735536945457,22.110718751299245,0,0.0,0.0,24.488194444444446,54.47517361111111,0.8797774150082919,0.8119768345771144,106.93237691981214,3.850365150075629,205.26269892927388
1500,RIT,level,6,96,204.71155363645448,5.003681976514544,1472.6216756456129,25.1067810038868,0,0.0,0.0,25.5359375,55.52291666666667,0.850572398424544,0.7812694340796019,166.50316031913488,5.215779029388434,267.99244692361634
1500,RIT,level,7,96,204.8102918951697,5.155690367354566,1342.6341418710072,22.65945944246109,0,0.0,0.0,26.278819444444448,56.26579861111111,0.8701868262852405,0.8042697968490878,156.6992221324676,5.260839339844333,281.78927065539625
1500,RIT,range_bin_km,500,192,151.11147689573127,3.637209205352739,1472.6216756456129,25.1067810038868,0,0.0,0.0,23.649565972222224,53.64956597222223,0.9358290578358209,0.8834029073383084,117.12319108791925,3.4888032487749614,185.39240725537405
1500,RIT,range_bin_km,1000,192,119.76860224018246,3.1121004927553324,1330.4250202070511,21.079278259251137,0,0.0,0.0,21.84340277777778,51.84340277777778,0.9334803845356552,0.8725251347429518,104.07764120089041,3.2874356233173883,178.45146694194318
1500,RIT,range_bin_km,1500,192,146.7008842909112,3.559402433559124,1342.6341418710072,20.11048761466428,0,0.0,0.0,20.04930555555556,50.049305555555556,0.8957664800995024,0.8264239997927031,134.9186266866769,3.84085628567614,210.5028235478072
1500,RIT,range_bin_km,2000,192,142.8621207020578,3.583647851481821,1287.735536945457,22.110718751299245,0,0.0,0.0,20.44782986111111,50.41527777777778,0.8957620750414593,0.8251738702321725,96.66615048954067,3.5113237717353565,165.66028518703206
1500,NoGuard,freq,5,192,168.3358577142735,3.5221015152784436,1531.2727300795377,23.0803122810655,1,6.218905472636816e-06,0.4,17.715625,47.699999999999996,0.9325777363184079,0.8606421019900496,140.12802894912875,3.6091628384353585,216.75242559433593
1500,NoGuard,freq,10,192,157.65797618141218,3.3949744477163377,1610.5150126697415,19.82035928222246,2,0.00019978233830845768,19.9,20.130208333333332,50.122395833333336,0.9342653917910447,0.8719643967661691,117.47112957941123,3.443964883146119,193.98161296306864
1500,NoGuard,freq,15,192,153.97996911292555,3.3060699517528236,1639.7455088138677,22.925590179070262,3,0.00023217247097844111,13.2,20.876388888888886,50.871180555555554,0.9301176409618575,0.8702653399668324,110.5754966080842,3.3747871439530397,190.91535685702968
1500,NoGuard,freq,20,192,148.45245070760467,3.2445211295041236,1572.1819915126757,24.80512666166811,3,5.169465174129353e-05,4.95,22.313802083333332,52.309895833333336,0.9381798041044777,0.8808364427860697,100.88969616875443,3.28133283321462,182.82212496149324
1500,NoGuard,level,0,96,80.85153860463143,1.2139785842840132,732.9734757018618,10.284166893497323,0,0.0,0.0,10.4375,40.4375,0.9994035033167495,0.9997071932006634,80.52595956753602,1.2124974332563174,113.32613164432435
1500,NoGuard,level,1,96,92.26310149756839,1.6674540651247773,1029.7615172473968,12.699106731231192,0,0.0,0.0,15.864583333333334,45.864583333333336,0.9883885261194029,0.9368910655058044,100.22317931074838,1.8086097402335286,172.43646305031905
1500,NoGuard,level,2,96,108.56065302043767,2.2147558540447903,1345.1482179785269,14.735752356875492,0,0.0,0.0,18.021527777777777,48.00850694444444,0.9573738080431178,0.894307369402985,119.46073310439873,2.4281352317556557,200.35221766064686
1500,NoGuard,level,3,96,125.86926293835148,2.7662809152962544,854.5915689320229,14.780910234799485,0,0.0,0.0,19.436979166666667,49.43697916666667,0.935046123548922,0.8728314158374793,104.66718582981174,2.814513734682602,173.30089195856652
1500,NoGuard,level,4,96,152.10473515620234,3.393919811219729,1095.3848379744015,19.14121349512948,0,0.0,0.0,21.7609375,51.74791666666667,0.9137785033167497,0.8459797367330016,126.95292503852372,3.512019850586263,209.26714291813198
1500,NoGuard,level,5,96,170.98788428894517,4.00066428433227,1572.1819915126757,24.80512666166811,1,2.4875621890547263e-05,0.85,24.137847222222224,54.12482638888889,0.9056503938640131,0.828951596185738,120.14268256781963,3.93475244622029,217.20175405295302
1500,NoGuard,level,6,96,255.84082595690745,4.902759155066212,1639.7455088138677,23.0803122810655,7,0.0009424233001658375,19.9,25.846527777777776,55.833506944444444,0.8822825974295189,0.7904754871475954,131.05060732014869,4.754605289754276,228.24941294373608
1500,NoGuard,level,7,96,193.3306642099101,4.733231301050468,1531.2727300795377,22.925590179070262,1,1.2437810945273631e-05,0.4,26.566145833333337,56.553125,0.8883576907131013,0.7982726990049752,149.00077396359094,5.010507827573984,254.80902652317712
1500,NoGuard,range_bin_km,500,192,155.3472040463944,3.422222471121248,1572.1819915126757,24.80512666166811,3,8.486214759535655e-05,9.266666666666667,23.55486111111111,53.55486111111111,0.9351846237562188,0.8815619817578773,101.19282354802728,3.2356828700117486,163.38306766210488
1500,NoGuard,range_bin_km,1000,192,122.84457842505996,2.9872615091116574,1531.2727300795377,23.0803122810655,1,6.218905472636816e-06,0.4,20.576562499999998,50.5765625,0.9452517361111111,0.8880017879353234,113.21759915437691,3.277932041806611,192.83295326463076
1500,NoGuard,range_bin_km,1500,192,193.000946968385,3.6370723422651987,1639.7455088138677,20.366310091667835,5,0.0003987873134328358,19.9,18.418489583333333,48.41848958333333,0.9212865360696517,0.8476825507877281,143.5446475994295,3.755761275315782,228.28554646989082
1500,NoGuard,range_bin_km,2000,192,149.89346106809995,3.3947655709514697,1150.1974715067,19.49804782541644,0,0.0,0.0,18.48611111111111,48.45355902777777,0.9334176772388059,0.8664619610281923,110.35272481742783,3.4238953075200595,199.9699529793011
1500,SS8-GP,freq,5,192,119.49518707296735,3.375462865006812,1702.5705989177134,36.07883355916645,1,5.1305970149253735e-05,6.6,18.908333333333335,48.89270833333333,0.9265298507462686,0.8507882462686567,109.03455267980323,3.4149652566448117,174.3585422321826
1500,SS8-GP,freq,10,192,114.89895502976763,3.2729985259933607,1474.9150153473229,30.51046045906782,0,0.0,0.0,21.2140625,51.206250000000004,0.9250917288557213,0.8592218594527363,94.93508760125232,3.2709604817962794,164.53763929987716
1500,SS8-GP,freq,15,192,112.23070021689782,3.080864199624152,1297.9810962674671,28.070039319895766,0,0.0,0.0,22.074652777777775,52.06944444444445,0.9301508084577114,0.8673046227197347,95.4514919851928,3.1451326291518558,160.0153999120076
1500,SS8-GP,freq,20,192,101.29269614698066,2.8461247800210856,1030.8115045589657,22.528755810799876,0,0.0,0.0,22.942968749999995,52.9390625,0.9356786380597014,0.8734600435323383,84.3960784528855,2.9964912680355464,149.1967339457711
1500,SS8-GP,level,0,96,55.100560382885014,1.043994585575296,712.3225156313126,12.380219582204733,0,0.0,0.0,11.834027777777777,41.83402777777778,0.9994073901326699,0.9992379249585407,62.00900576595139,1.1847875317772354,86.50182855160242
1500,SS8-GP,level,1,96,65.725259994722,1.536108694151519,593.9635156270882,12.464030949266007,0,0.0,0.0,16.697916666666668,46.697916666666664,0.9883962997512438,0.9367311878109453,77.67242932185654,1.6663296478264151,133.18907664094175
1500,SS8-GP,level,2,96,77.04540422536154,1.9222497380446835,641.670553028639,11.613262728703635,0,0.0,0.0,19.505208333333332,49.4921875,0.9568493470149253,0.8885867537313432,80.57681310022258,2.048880422644478,146.60592671450675
1500,SS8-GP,level,3,96,92.62509340320469,2.5344297925608457,808.878111516775,14.011853643813005,0,0.0,0.0,20.74253472222222,50.74253472222222,0.9313357690713101,0.8626264510779436,89.58718553456848,2.605939780527197,156.3906858941777
1500,SS8-GP,level,4,96,118.41864152051599,3.1703315290201424,916.4238206014188,16.64136461265021,0,0.0,0.0,22.881249999999998,52.86822916666667,0.9202998030679934,0.8355257566334992,95.07300325189792,3.2464353546520535,159.92424403980672
1500,SS8-GP,level,5,96,124.40269760871514,3.6561245931818767,795.3591614120139,17.261505530989375,0,0.0,0.0,24.933854166666666,54.92083333333333,0.9009761090381426,0.8187334162520731,104.79265674806057,3.7303919365898563,187.40713673186255
1500,SS8-GP,level,6,96,156.41656049451254,4.489967424839862,1474.9150153473229,30.51046045906782,0,0.0,0.0,26.41614583333333,56.403124999999996,0.868873082504146,0.7820400601160863,116.51697284859407,4.434501856000243,195.41060972947596
1500,SS8-GP,level,7,96,157.59819130930603,4.717080580577162,1702.5705989177134,36.07883355916645,1,0.00010261194029850747,6.6,27.269097222222225,57.25607638888889,0.868764251658375,0.7780679933665008,127.57973319084856,4.814020810484417,230.78712247730306
1500,SS8-GP,range_bin_km,500,192,113.32369267325403,3.1492126853819555,1030.8115045589657,23.532864948417803,0,0.0,0.0,24.40625,54.40625,0.93106135986733,0.8763778762437812,90.61576457644543,2.9875882004323384,146.10727679436064
1500,SS8-GP,range_bin_km,1000,192,105.11344096405537,2.9859881307359273,1474.9150153473229,30.51046045906782,0,0.0,0.0,21.742274305555554,51.742274305555554,0.936160084991708,0.8747759898424544,95.76042229428624,3.1575066202304205,165.9692084533038
1500,SS8-GP,range_bin_km,1500,192,121.26374759599075,3.3409924945450755,1702.5705989177134,36.07883355916645,1,5.1305970149253735e-05,6.6,19.547743055555557,49.547743055555564,0.9225694444444444,0.8438238495024876,109.94993549246557,3.532738927711684,175.61162456555414
1500,SS8-GP,range_bin_km,2000,192,108.35505844678192,3.1148872982657894,1297.9810962674671,28.070039319895766,0,0.0,0.0,19.443749999999998,49.41119791666667,0.9276601368159204,0.855797056384743,87.54785168018694,3.139460735285932,160.42020557661988
