target,norad,range_bin_km,level,kind,time,duration,acceleration,direction_axis,frequency,direction_x,direction_y,direction_z
0,45197,500,0,thrust,100,60,0.01,0,5,0.8437778962161148,0.44820954645123434,0.29520681619347194
1,45693,500,1,thrust,100,60,0.03,0,5,0.31501430621230464,0.10337262695931976,-0.943440558210802
2,47377,500,2,thrust,100,60,0.06,0,5,-0.5450155610459531,-0.13103466488183918,0.8281231519629608
3,47389,500,3,thrust,100,60,0.09,0,5,-0.6516170969534191,-0.6320954725304411,-0.41934529038075163
4,47390,500,4,thrust,100,60,0.12,1,5,-0.9995536693272052,0.0,0.029874104748425303
5,47391,500,5,thrust,100,60,0.15,1,5,0.6573465163129769,-0.7535884536610106,0.0
6,47650,500,6,thrust,100,60,0.18,1,5,0.7199062554123461,-0.6940713100382222,0.0
7,48287,500,7,thrust,100,60,0.2,1,5,-0.8918094452760515,0.4524112214749112,0.0
8,48291,500,0,thrust,100,60,0.01,2,5,0.3613290751064899,0.6977439906087084,-0.6185423373158243
9,48687,500,1,thrust,100,60,0.03,2,5,0.0009604255535412522,-0.9985178724790363,0.05441632037078035
10,51862,500,2,thrust,100,60,0.06,2,5,0.38887499023970157,0.3952406097979908,-0.8322025608784105
11,51867,500,3,thrust,100,60,0.09,2,5,0.2713727368659273,0.6369464779403232,-0.7215649810830023
12,52471,500,4,thrust,100,60,0.12,0,5,-0.33116990957224257,-0.6340652421807398,-0.6987759008810996
13,52472,500,5,thrust,100,60,0.15,0,5,0.015346425658505226,0.3933317720587146,0.9192685158911184
14,52482,500,6,thrust,100,60,0.18,0,5,0.287851511005422,-0.05834692894064914,-0.9558959898938222
15,52484,500,7,thrust,100,60,0.2,0,5,-0.0792215969031141,-0.48921342005041196,-0.8685586728751833
16,45187,1000,0,thrust,100,60,0.01,1,5,-0.7050982575581413,-0.7091096157777532,0.0
17,45235,1000,1,thrust,100,60,0.03,1,5,0.8674645788693726,0.49749894915163595,-0.0
18,45377,1000,2,thrust,100,60,0.06,1,5,-0.10276661371043147,0.9947054956651699,0.0
19,45387,1000,3,thrust,100,60,0.09,1,5,-0.3999411414889898,-0.9165408247014882,0.0
20,45399,1000,4,thrust,100,60,0.12,2,5,0.48790778835424337,-0.7096902106321501,-0.5082182552763772
21,45531,1000,5,thrust,100,60,0.15,2,5,0.007473001978570928,0.37032561775663275,-0.9288719454664333
22,45542,1000,6,thrust,100,60,0.18,2,5,0.29812201449311115,0.5379229011710893,-0.7885190022252143
23,45564,1000,7,thrust,100,60,0.2,2,5,-0.4091289547079565,0.5433444795398161,-0.733069079264145
24,45578,1000,0,thrust,100,60,0.01,0,5,-0.732403153367044,-0.6764819669183101,0.0771865880340921
25,45660,1000,1,thrust,100,60,0.03,0,5,0.946841161561905,0.3180195317054322,0.04853238327096571
26,45675,1000,2,thrust,100,60,0.06,0,5,-0.4170022290088511,-0.9046889970493283,-0.08744689599711317
27,45677,1000,3,thrust,100,60,0.09,0,5,0.7649900151056634,0.4355174650637347,0.4744626586077091
28,47356,1000,4,thrust,100,60,0.12,1,5,0.9633454042906013,0.2682641087290247,-0.0
29,47361,1000,5,thrust,100,60,0.15,1,5,-0.7170380057484546,0.6970340725619366,0.0
30,47362,1000,6,thrust,100,60,0.18,1,5,-0.43963536807988696,0.8981763430046809,0.0
31,47367,1000,7,thrust,100,60,0.2,1,5,0.3007953678474262,-0.9536887053339426,0.0
32,45189,1500,0,thrust,100,60,0.01,2,5,-0.2331100514159966,0.3901353130096188,-0.8907604287751661
33,45383,1500,1,thrust,100,60,0.03,2,5,-0.4804811239795636,-0.48250298719590917,-0.7323446981076327
34,45408,1500,2,thrust,100,60,0.06,2,5,-0.034931891801302364,-0.006637419611600306,-0.999367653867225
35,45686,1500,3,thrust,100,60,0.09,2,5,-0.17366317991408706,0.39617525498778033,-0.9016020559412532
36,45696,1500,4,thrust,100,60,0.12,0,5,0.10363370086922169,-0.8056071016064613,-0.5833157411602959
37,46077,1500,5,thrust,100,60,0.15,0,5,0.9319919597293284,0.34164365115876044,0.12112226311788159
38,47371,1500,6,thrust,100,60,0.18,0,5,-0.3709557498580843,0.9210814138545883,-0.11832523272260663
39,47373,1500,7,thrust,100,60,0.2,0,5,0.8581355616350619,0.4100539752609951,-0.30896455335512546
40,47397,1500,0,thrust,100,60,0.01,1,5,-0.8632157747879102,-0.5048351475059041,0.0
41,47630,1500,1,thrust,100,60,0.03,1,5,0.6233680006598876,-0.781928600163272,0.0
42,47655,1500,2,thrust,100,60,0.06,1,5,0.5112813525701966,-0.8594133920960217,0.0
43,48143,1500,3,thrust,100,60,0.09,1,5,0.8837856008491193,0.467892094111197,-0.0
44,48276,1500,4,thrust,100,60,0.12,2,5,0.39182556680905056,-0.17432031030275802,-0.9033743158905483
45,48292,1500,5,thrust,100,60,0.15,2,5,0.36684459186386004,-0.5863364634191556,-0.7222427549552541
46,48293,1500,6,thrust,100,60,0.18,2,5,-0.4042294989391141,-0.26043605027444433,-0.8767961997550398
47,48294,1500,7,thrust,100,60,0.2,2,5,-0.38961351507430225,-0.24542370800480012,-0.887675905058046
48,45397,2000,0,thrust,100,60,0.01,0,5,-0.24908507133786909,0.5780827130756896,-0.7770308900421261
49,45582,2000,1,thrust,100,60,0.03,0,5,-0.1938258026846841,-0.9728458538115379,0.12650099974046772
50,46074,2000,2,thrust,100,60,0.06,0,5,0.11222717430382326,0.6586831263129248,-0.744003763739412
51,46079,2000,3,thrust,100,60,0.09,0,5,-0.030851554234794052,-0.6686881626967384,0.7429026333716674
52,46355,2000,4,thrust,100,60,0.12,1,5,-0.9699030366260305,0.24349147735311968,0.0
53,48303,2000,5,thrust,100,60,0.15,1,5,0.9430275768470371,-0.3327145763353416,0.0
54,48304,2000,6,thrust,100,60,0.18,1,5,-0.9302451445284711,-0.3669386475709584,0.0
55,48306,2000,7,thrust,100,60,0.2,1,5,-0.9286573709608217,-0.37093865713906776,0.0
56,48311,2000,0,thrust,100,60,0.01,2,5,-0.25379014931067606,-0.6769697808621198,-0.6908708098569214
57,48317,2000,1,thrust,100,60,0.03,2,5,-0.25579749269156,-0.6761762495906413,-0.6909076075874733
58,48321,2000,2,thrust,100,60,0.06,2,5,0.1199439269454978,-0.7396590590267157,-0.6622068640452216
59,48325,2000,3,thrust,100,60,0.09,2,5,0.10354061518344942,-0.7424360086111128,-0.6618671423518714
60,48330,2000,4,thrust,100,60,0.12,0,5,-0.020007021152560218,-0.6674087418484906,0.7444227900923076
61,48331,2000,5,thrust,100,60,0.15,0,5,-0.11537974976402822,0.6393543686088798,-0.7602062251028537
62,48582,2000,6,thrust,100,60,0.18,0,5,0.25652548409547665,-0.5882849215611193,0.7668869063124033
63,48663,2000,7,thrust,100,60,0.2,0,5,-0.17648385729732852,-0.674068249003685,0.7172764068325141
0,45197,500,0,thrust,300,60,0.01,1,5,-0.46153588268304735,-0.887121541276042,0.0
1,45693,500,1,thrust,300,60,0.03,1,5,-0.9165416810753166,-0.39993917894053904,0.0
2,47377,500,2,thrust,300,60,0.06,1,5,0.7368941323369608,0.6760081639502276,-0.0
3,47389,500,3,thrust,300,60,0.09,1,5,0.49179151120338777,0.8707129891693866,-0.0
4,47390,500,4,thrust,300,60,0.12,2,5,-0.028605852342685808,0.6640302089789335,-0.7471583411668119
5,47391,500,5,thrust,300,60,0.15,2,5,-0.6608102953209906,-0.12289126903692323,-0.7404238580652841
6,47650,500,6,thrust,300,60,0.18,2,5,0.7940582594633182,-0.3658238980481411,-0.48543213345940406
7,48287,500,7,thrust,300,60,0.2,2,5,0.010787907103623382,0.13048580619767625,-0.9913914844506513
8,48291,500,0,thrust,300,60,0.01,0,5,-0.03680547971570684,-0.988465919192632,-0.146902972255709
9,48687,500,1,thrust,300,60,0.03,0,5,-0.04255089422413145,0.6981726849285967,0.71466378348166
10,51862,500,2,thrust,300,60,0.06,0,5,-0.27310297279545853,0.3988535778803374,-0.8754031012409865
11,51867,500,3,thrust,300,60,0.09,0,5,-0.082759478333185,0.36502394048616155,-0.9273124563047636
12,52471,500,4,thrust,300,60,0.12,1,5,-0.9964823306184991,0.08380313099833533,0.0
13,52472,500,5,thrust,300,60,0.15,1,5,0.9907876559266101,0.13542459475092883,-0.0
14,52482,500,6,thrust,300,60,0.18,1,5,-0.9454746998597647,-0.32569555097527486,0.0
15,52484,500,7,thrust,300,60,0.2,1,5,-0.9945860559783691,-0.10391620303587161,0.0
16,45187,1000,0,thrust,300,60,0.01,2,5,-0.718247770879888,0.07940615232176602,-0.6912414936905367
17,45235,1000,1,thrust,300,60,0.03,2,5,-0.6636379164067213,0.2883115575652487,-0.6902616617498367
18,45377,1000,2,thrust,300,60,0.06,2,5,0.18455398350510166,0.4628254841128757,-0.867025027567302
19,45387,1000,3,thrust,300,60,0.09,2,5,0.8420083152926655,0.19532826760253527,-0.5028606813555818
20,45399,1000,4,thrust,300,60,0.12,0,5,0.34343217179635127,-0.22697712873781964,0.911337328548094
21,45531,1000,5,thrust,300,60,0.15,0,5,0.13820316266715862,-0.3646550136073429,-0.9208293038776642
22,45542,1000,6,thrust,300,60,0.18,0,5,-0.28092094803123807,-0.5496682044248105,-0.7867326648879117
23,45564,1000,7,thrust,300,60,0.2,0,5,0.5535288219364516,-0.13370737789176004,-0.8220268732729814
24,45578,1000,0,thrust,300,60,0.01,1,5,0.00255254563137787,0.9999967422500935,-0.0
25,45660,1000,1,thrust,300,60,0.03,1,5,0.14698096025728766,-0.9891393214920968,0.0
26,45675,1000,2,thrust,300,60,0.06,1,5,0.9196575021070463,0.0,-0.3927213755555305
27,45677,1000,3,thrust,300,60,0.09,1,5,0.42713450400423225,-0.9041880974051021,0.0
28,47356,1000,4,thrust,300,60,0.12,2,5,-0.44187968371539854,0.5069307362294561,-0.740110514575655
29,47361,1000,5,thrust,300,60,0.15,2,5,-0.2593714834537375,-0.10445348353349596,-0.9601124430756666
30,47362,1000,6,thrust,300,60,0.18,2,5,0.8578882705561843,0.23576809753734265,-0.45655352306793257
31,47367,1000,7,thrust,300,60,0.2,2,5,0.5794339419071585,0.0784312472727279,-0.8112366155550278
32,45189,1500,0,thrust,300,60,0.01,0,5,0.6764465021325553,-0.48195996733417146,-0.5568974049498483
33,45383,1500,1,thrust,300,60,0.03,0,5,-0.9827721146119777,0.07012027062735555,0.17100327010980942
34,45408,1500,2,thrust,300,60,0.06,0,5,0.9310744593032563,-0.10286358511821624,0.3500277618843631
35,45686,1500,3,thrust,300,60,0.09,0,5,0.5903110355421602,-0.576399300284236,-0.5650634724957769
36,45696,1500,4,thrust,300,60,0.12,1,5,-0.9138682837193919,-0.4060107880485113,0.0
37,46077,1500,5,thrust,300,60,0.15,1,5,0.29495594640402956,-0.9555108527279548,0.0
38,47371,1500,6,thrust,300,60,0.18,1,5,0.8927562840277916,0.45053991757544515,-0.0
39,47373,1500,7,thrust,300,60,0.2,1,5,0.41394464743817316,-0.9103020536378497,0.0
40,47397,1500,0,thrust,300,60,0.01,2,5,-0.15262768277677266,0.19417314440374253,-0.9690209391146078
41,47630,1500,1,thrust,300,60,0.03,2,5,-0.08323937190833228,-0.0829940307699626,-0.9930675696149083
42,47655,1500,2,thrust,300,60,0.06,2,5,-0.342236406306457,-0.17968666023058671,-0.9222727071390648
43,48143,1500,3,thrust,300,60,0.09,2,5,0.06233140198870827,-0.9715865925241732,0.2283293444859604
44,48276,1500,4,thrust,300,60,0.12,0,5,0.7802481111495329,-0.2744420165894043,0.5620448955180782
45,48292,1500,5,thrust,300,60,0.15,0,5,-0.49750569980157566,0.41552944103991246,-0.7614613334201563
46,48293,1500,6,thrust,300,60,0.18,0,5,-0.9263979808235469,-0.3270452138874871,0.18662317433626305
47,48294,1500,7,thrust,300,60,0.2,0,5,-0.9347677295032804,-0.320039139034284,0.15422140372035417
48,45397,2000,0,thrust,300,60,0.01,1,5,0.9748505192298156,0.0,-0.22285974324080782
49,45582,2000,1,thrust,300,60,0.03,1,5,-0.9999895853517823,-0.004563900521541581,0.0
50,46074,2000,2,thrust,300,60,0.06,1,5,0.6585349740641837,-0.7525501232039529,0.0
51,46079,2000,3,thrust,300,60,0.09,1,5,-0.7282827345502015,0.6852767751471522,0.0
52,46355,2000,4,thrust,300,60,0.12,2,5,-0.00869234497922055,0.2981350521594313,-0.9544841192040102
53,48303,2000,5,thrust,300,60,0.15,2,5,-0.42599875124377085,-0.5046714166121645,-0.7508873585255107
54,48304,2000,6,thrust,300,60,0.18,2,5,-0.08584583702916233,-0.9247194209242713,-0.37084293822350595
55,48306,2000,7,thrust,300,60,0.2,2,5,-0.08873710317382029,-0.9265780117667469,-0.3654844930098963
56,48311,2000,0,thrust,300,60,0.01,0,5,0.509301596524069,0.5700146646504455,-0.6447442639228941
57,48317,2000,1,thrust,300,60,0.03,0,5,0.5065517088068823,0.5725995933248416,-0.6446200989955663
58,48321,2000,2,thrust,300,60,0.06,0,5,-0.16725782180620882,-0.4514453418397596,0.8764827005570761
59,48325,2000,3,thrust,300,60,0.09,0,5,-0.2115523820563614,-0.45815506455399574,0.8633304850807731
60,48330,2000,4,thrust,300,60,0.12,1,5,-0.7357712385759475,0.6772301562130973,0.0
61,48331,2000,5,thrust,300,60,0.15,1,5,0.9755364175369622,-0.21983789040824983,0.0
62,48582,2000,6,thrust,300,60,0.18,1,5,-0.9566328470618829,0.0,0.29129640561166575
63,48663,2000,7,thrust,300,60,0.2,1,5,-0.4974489049187258,0.8674932777809639,0.0
0,45197,500,0,thrust,500,60,0.01,2,5,0.41562674073983713,-0.6310336845700746,-0.6550197717015082
1,45693,500,1,thrust,500,60,0.03,2,5,0.013691908107272137,-0.05295598554947042,-0.9985029770846284
2,47377,500,2,thrust,500,60,0.06,2,5,-0.007295376469910091,0.016630891534303457,-0.9998350818654727
3,47389,500,3,thrust,500,60,0.09,2,5,0.33369085200541926,-0.7253420893613167,-0.6021040347721123
4,47390,500,4,thrust,500,60,0.12,0,5,-0.10572000970978221,0.9560316867257185,0.2735446828643196
5,47391,500,5,thrust,500,60,0.15,0,5,0.8158619510401294,-0.36080503429548677,-0.45187277420976163
6,47650,500,6,thrust,500,60,0.18,0,5,0.274819450092652,-0.494641107173393,0.8245025439287936
7,48287,500,7,thrust,500,60,0.2,0,5,0.04804367149504753,-0.9966700082898468,0.06588399050446758
8,48291,500,0,thrust,500,60,0.01,1,5,-0.9966216512164496,-0.08212967993726425,0.0
9,48687,500,1,thrust,500,60,0.03,1,5,0.9921986105379252,0.12466722603238868,-0.0
10,51862,500,2,thrust,500,60,0.06,1,5,0.9843277799564892,0.17634857982396462,-0.0
11,51867,500,3,thrust,500,60,0.09,1,5,0.9999779368981133,0.006642719096334568,-0.0
12,52471,500,4,thrust,500,60,0.12,2,5,0.001967873731923389,-0.040190335547187726,-0.9991901042352148
13,52472,500,5,thrust,500,60,0.15,2,5,0.03329212030578412,-0.18903376957208168,-0.9814060671744975
14,52482,500,6,thrust,500,60,0.18,2,5,0.004552510921285591,-0.019415247590899565,-0.9998011416303222
15,52484,500,7,thrust,500,60,0.2,2,5,0.027641593546682306,-0.16851687209802824,-0.9853111214862527
16,45187,1000,0,thrust,500,60,0.01,0,5,0.6192526900178357,0.3395729334463196,-0.7079663330811259
17,45235,1000,1,thrust,500,60,0.03,0,5,-0.6045131182282436,-0.2486053476346968,0.7568086092384239
18,45377,1000,2,thrust,500,60,0.06,0,5,-0.06300138495710095,-0.9898456655658067,-0.12742206972919798
19,45387,1000,3,thrust,500,60,0.09,0,5,0.3961073266052121,0.4516140038510127,0.7994646817310501
20,45399,1000,4,thrust,500,60,0.12,1,5,-0.936878597492222,0.0,0.34965482058883035
21,45531,1000,5,thrust,500,60,0.15,1,5,0.9845126918172887,-0.0,0.17531331852051704
22,45542,1000,6,thrust,500,60,0.18,1,5,0.979380607588331,0.0,-0.2020238240404129
23,45564,1000,7,thrust,500,60,0.2,1,5,0.4818817674071464,-0.8762362479608824,0.0
24,45578,1000,0,thrust,500,60,0.01,2,5,0.5198315469393652,-0.5637052747360949,-0.6418812398265977
25,45660,1000,1,thrust,500,60,0.03,2,5,0.6078033633037961,-0.08932848686165686,-0.7890472058068518
26,45675,1000,2,thrust,500,60,0.06,2,5,0.1672374639430527,-0.8494383409892003,-0.5004858994131713
27,45677,1000,3,thrust,500,60,0.09,2,5,0.8357795915841524,0.18333270855834857,-0.5175534680244034
28,47356,1000,4,thrust,500,60,0.12,0,5,-0.5568677043341962,-0.05553367853669546,0.8287426442616219
29,47361,1000,5,thrust,500,60,0.15,0,5,-0.9768248407184378,0.13226552517098178,-0.16828268302663502
30,47362,1000,6,thrust,500,60,0.18,0,5,-0.28335001140220123,0.07299010438661886,-0.9562349165869247
31,47367,1000,7,thrust,500,60,0.2,0,5,0.6306703183856696,-0.10720652943029307,0.768610245543754
32,45189,1500,0,thrust,500,60,0.01,1,5,-0.10024833960673389,-0.9949624467315804,0.0
33,45383,1500,1,thrust,500,60,0.03,1,5,0.6254260277346131,0.7802834637694837,-0.0
34,45408,1500,2,thrust,500,60,0.06,1,5,-0.42422827260181595,-0.905555284190468,0.0
35,45686,1500,3,thrust,500,60,0.09,1,5,-0.21974706105289585,-0.9755568815597656,0.0
36,45696,1500,4,thrust,500,60,0.12,2,5,-0.5315437418649668,0.5083806174807958,-0.6775030614351751
37,46077,1500,5,thrust,500,60,0.15,2,5,0.6183913662553373,0.1192638283862126,-0.7767678272041918
38,47371,1500,6,thrust,500,60,0.18,2,5,0.09406127909227513,-0.14845504623427588,-0.9844356632218808
39,47373,1500,7,thrust,500,60,0.2,2,5,0.14775384405154188,0.05797442824153347,-0.9873235372652976
40,47397,1500,0,thrust,500,60,0.01,0,5,0.7090077378319961,-0.6912050992228428,-0.13979820636437182
41,47630,1500,1,thrust,500,60,0.03,0,5,0.6346080339252874,0.7721534991929038,-0.032428644153517816
42,47655,1500,2,thrust,500,60,0.06,0,5,0.9130742795185559,0.37427342126228996,-0.1619097471379983
43,48143,1500,3,thrust,500,60,0.09,0,5,0.1090754824489519,-0.9940252282217983,-0.0040478126352627335
44,48276,1500,4,thrust,500,60,0.12,1,5,-0.23271885875670706,-0.9725440518449413,0.0
45,48292,1500,5,thrust,500,60,0.15,1,5,-0.14219444107187426,0.9898387449116433,0.0
46,48293,1500,6,thrust,500,60,0.18,1,5,-0.012647583300047184,0.9999200161196236,0.0
47,48294,1500,7,thrust,500,60,0.2,1,5,-0.007075525092670045,0.999974968159035,0.0
48,45397,2000,0,thrust,500,60,0.01,2,5,-0.034861351100569274,0.2023932361006823,-0.9786836384553164
49,45582,2000,1,thrust,500,60,0.03,2,5,0.029842130986954617,-0.9963483976770569,-0.07999573528956899
50,46074,2000,2,thrust,500,60,0.06,2,5,0.16274160633316728,-0.09802602666401242,-0.9817871804340118
51,46079,2000,3,thrust,500,60,0.09,2,5,0.17804746021624188,-0.13554523633244783,-0.9746417756376579
52,46355,2000,4,thrust,500,60,0.12,0,5,0.41071941745634605,0.3150632973524634,-0.8555960955881653
53,48303,2000,5,thrust,500,60,0.15,0,5,0.9668517265627106,0.07404207722817091,-0.24436757076675175
54,48304,2000,6,thrust,500,60,0.18,0,5,-0.24447126778318842,0.9633683986564303,0.11025029568498
55,48306,2000,7,thrust,500,60,0.2,0,5,-0.2269443687397384,0.9674433742278289,0.1120248684890753
56,48311,2000,0,thrust,500,60,0.01,1,5,0.06461531408548708,-0.99791024705914,0.0
57,48317,2000,1,thrust,500,60,0.03,1,5,0.09000925277952655,-0.995940929179071,0.0
58,48321,2000,2,thrust,500,60,0.06,1,5,0.7970666067732091,0.603891401136862,-0.0
59,48325,2000,3,thrust,500,60,0.09,1,5,0.7704770172385741,0.6374677763676765,-0.0
60,48330,2000,4,thrust,500,60,0.12,2,5,0.17309797048123357,-0.14028178357832724,-0.9748631256804011
61,48331,2000,5,thrust,500,60,0.15,2,5,-0.00811456040773783,0.012089221663098818,-0.9998939966961347
62,48582,2000,6,thrust,500,60,0.18,2,5,0.04440476511848814,0.6042345913711501,-0.7955682091595361
63,48663,2000,7,thrust,500,60,0.2,2,5,0.3182189247228932,-0.1740835118968165,-0.9318968005277605
0,45197,500,0,thrust,100,60,0.01,0,10,0.843777896216124,0.448209546451234,0.29520681619344596
1,45693,500,1,thrust,100,60,0.03,0,10,0.315014306212336,0.10337262695932115,-0.9434405582107913
2,47377,500,2,thrust,100,60,0.06,0,10,-0.5450155610459404,-0.13103466488186527,0.828123151962965
3,47389,500,3,thrust,100,60,0.09,0,10,-0.6516170969534364,-0.6320954725304336,-0.4193452903807359
4,47390,500,4,thrust,100,60,0.12,1,10,-0.9995536693272065,0.0,0.029874104748387715
5,47391,500,5,thrust,100,60,0.15,1,10,0.657346516312957,-0.753588453661028,0.0
6,47650,500,6,thrust,100,60,0.18,1,10,0.7199062554123394,-0.6940713100382291,0.0
7,48287,500,7,thrust,100,60,0.2,1,10,-0.8918094452760534,0.4524112214749076,0.0
8,48291,500,0,thrust,100,60,0.01,2,10,0.3613290751064769,0.697743990608755,-0.6185423373157798
9,48687,500,1,thrust,100,60,0.03,2,10,0.0009604255535392847,-0.9985178724790367,0.05441632037077308
10,51862,500,2,thrust,100,60,0.06,2,10,0.388874990239676,0.3952406097979665,-0.832202560878434
11,51867,500,3,thrust,100,60,0.09,2,10,0.27137273686592067,0.6369464779402969,-0.7215649810830279
12,52471,500,4,thrust,100,60,0.12,0,10,-0.3311699095722481,-0.6340652421807293,-0.6987759008811065
13,52472,500,5,thrust,100,60,0.15,0,10,0.015346425658496983,0.39333177205872794,0.9192685158911128
14,52482,500,6,thrust,100,60,0.18,0,10,0.2878515110054738,-0.05834692894062349,-0.9558959898938081
15,52484,500,7,thrust,100,60,0.2,0,10,-0.07922159690313023,-0.4892134200504069,-0.8685586728751848
16,45187,1000,0,thrust,100,60,0.01,1,10,-0.7050982575581414,-0.7091096157777532,0.0
17,45235,1000,1,thrust,100,60,0.03,1,10,0.8674645788693631,0.49749894915165244,-0.0
18,45377,1000,2,thrust,100,60,0.06,1,10,-0.10276661371041418,0.9947054956651716,0.0
19,45387,1000,3,thrust,100,60,0.09,1,10,-0.39994114148898086,-0.9165408247014919,0.0
20,45399,1000,4,thrust,100,60,0.12,2,10,0.48790778835424486,-0.70969021063215,-0.5082182552763763
21,45531,1000,5,thrust,100,60,0.15,2,10,0.00747300197856943,0.3703256177566427,-0.9288719454664294
22,45542,1000,6,thrust,100,60,0.18,2,10,0.29812201449311737,0.537922901171084,-0.7885190022252158
23,45564,1000,7,thrust,100,60,0.2,2,10,-0.40912895470796246,0.5433444795398096,-0.7330690792641463
24,45578,1000,0,thrust,100,60,0.01,0,10,-0.7324031533670523,-0.6764819669183039,0.07718658803406617
25,45660,1000,1,thrust,100,60,0.03,0,10,0.9468411615619058,0.31801953170542907,0.04853238327097383
26,45675,1000,2,thrust,100,60,0.06,0,10,-0.4170022290088606,-0.9046889970493258,-0.08744689599709472
27,45677,1000,3,thrust,100,60,0.09,0,10,0.7649900151056661,0.4355174650637364,0.47446265860770326
28,47356,1000,4,thrust,100,60,0.12,1,10,0.9633454042906069,0.26826410872900447,-0.0
29,47361,1000,5,thrust,100,60,0.15,1,10,-0.7170380057484516,0.6970340725619398,0.0
30,47362,1000,6,thrust,100,60,0.18,1,10,-0.4396353680798979,0.8981763430046756,0.0
31,47367,1000,7,thrust,100,60,0.2,1,10,0.3007953678474305,-0.9536887053339413,0.0
32,45189,1500,0,thrust,100,60,0.01,2,10,-0.23311005141599125,0.3901353130096142,-0.8907604287751697
33,45383,1500,1,thrust,100,60,0.03,2,10,-0.4804811239795687,-0.4825029871959002,-0.7323446981076353
34,45408,1500,2,thrust,100,60,0.06,2,10,-0.034931891801310226,-0.006637419611601827,-0.9993676538672245
35,45686,1500,3,thrust,100,60,0.09,2,10,-0.17366317991408736,0.39617525498778716,-0.9016020559412503
36,45696,1500,4,thrust,100,60,0.12,0,10,0.10363370086921923,-0.8056071016064621,-0.5833157411602954
37,46077,1500,5,thrust,100,60,0.15,0,10,0.931991959729332,0.34164365115875384,0.1211222631178711
38,47371,1500,6,thrust,100,60,0.18,0,10,-0.37095574985808005,0.9210814138545899,-0.11832523272260713
39,47373,1500,7,thrust,100,60,0.2,0,10,0.8581355616350567,0.41005397526099835,-0.3089645533551354
40,47397,1500,0,thrust,100,60,0.01,1,10,-0.8632157747879069,-0.5048351475059097,0.0
41,47630,1500,1,thrust,100,60,0.03,1,10,0.6233680006598806,-0.7819286001632776,0.0
42,47655,1500,2,thrust,100,60,0.06,1,10,0.5112813525701981,-0.8594133920960207,0.0
43,48143,1500,3,thrust,100,60,0.09,1,10,0.8837856008491194,0.46789209411119653,-0.0
44,48276,1500,4,thrust,100,60,0.12,2,10,0.39182556680905223,-0.17432031030275927,-0.9033743158905475
45,48292,1500,5,thrust,100,60,0.15,2,10,0.3668445918638666,-0.5863364634191609,-0.7222427549552463
46,48293,1500,6,thrust,100,60,0.18,2,10,-0.4042294989391145,-0.26043605027444533,-0.8767961997550395
47,48294,1500,7,thrust,100,60,0.2,2,10,-0.38961351507430747,-0.24542370800480112,-0.8876759050580434
48,45397,2000,0,thrust,100,60,0.01,0,10,-0.24908507133786595,0.5780827130756997,-0.7770308900421196
49,45582,2000,1,thrust,100,60,0.03,0,10,-0.19382580268467905,-0.9728458538115404,0.1265009997404556
50,46074,2000,2,thrust,100,60,0.06,0,10,0.11222717430382569,0.6586831263129245,-0.7440037637394119
51,46079,2000,3,thrust,100,60,0.09,0,10,-0.03085155423479496,-0.6686881626967327,0.7429026333716723
52,46355,2000,4,thrust,100,60,0.12,1,10,-0.9699030366260311,0.24349147735311813,0.0
53,48303,2000,5,thrust,100,60,0.15,1,10,0.9430275768470362,-0.3327145763353435,0.0
54,48304,2000,6,thrust,100,60,0.18,1,10,-0.9302451445284711,-0.3669386475709582,0.0
55,48306,2000,7,thrust,100,60,0.2,1,10,-0.9286573709608228,-0.370938657139065,0.0
56,48311,2000,0,thrust,100,60,0.01,2,10,-0.2537901493106726,-0.6769697808621159,-0.6908708098569266
57,48317,2000,1,thrust,100,60,0.03,2,10,-0.25579749269155755,-0.6761762495906363,-0.6909076075874793
58,48321,2000,2,thrust,100,60,0.06,2,10,0.11994392694549375,-0.7396590590267093,-0.6622068640452293
59,48325,2000,3,thrust,100,60,0.09,2,10,0.10354061518345065,-0.7424360086111162,-0.6618671423518674
60,48330,2000,4,thrust,100,60,0.12,0,10,-0.020007021152558584,-0.6674087418484943,0.7444227900923042
61,48331,2000,5,thrust,100,60,0.15,0,10,-0.11537974976402712,0.6393543686088788,-0.7602062251028547
62,48582,2000,6,thrust,100,60,0.18,0,10,0.25652548409547615,-0.5882849215611133,0.7668869063124081
63,48663,2000,7,thrust,100,60,0.2,0,10,-0.17648385729732635,-0.6740682490036959,0.7172764068325044
0,45197,500,0,thrust,300,60,0.01,1,10,-0.4615358826831017,-0.8871215412760138,0.0
1,45693,500,1,thrust,300,60,0.03,1,10,-0.9165416810752989,-0.3999391789405796,0.0
2,47377,500,2,thrust,300,60,0.06,1,10,0.7368941323369852,0.6760081639502009,-0.0
3,47389,500,3,thrust,300,60,0.09,1,10,0.4917915112033713,0.870712989169396,-0.0
4,47390,500,4,thrust,300,60,0.12,2,10,-0.028605852342725727,0.6640302089789074,-0.7471583411668339
5,47391,500,5,thrust,300,60,0.15,2,10,-0.6608102953210133,-0.12289126903692812,-0.7404238580652632
6,47650,500,6,thrust,300,60,0.18,2,10,0.7940582594632754,-0.3658238980482391,-0.4854321334594003
7,48287,500,7,thrust,300,60,0.2,2,10,0.010787907103615662,0.13048580619760627,-0.9913914844506606
8,48291,500,0,thrust,300,60,0.01,0,10,-0.036805479715674584,-0.9884659191926304,-0.14690297225572885
9,48687,500,1,thrust,300,60,0.03,0,10,-0.04255089422411443,0.6981726849285372,0.7146637834817192
10,51862,500,2,thrust,300,60,0.06,0,10,-0.27310297279545165,0.3988535778803091,-0.8754031012410014
11,51867,500,3,thrust,300,60,0.09,0,10,-0.08275947833319523,0.3650239404861728,-0.9273124563047583
12,52471,500,4,thrust,300,60,0.12,1,10,-0.9964823306184997,0.0838031309983289,0.0
13,52472,500,5,thrust,300,60,0.15,1,10,0.9907876559266087,0.13542459475093946,-0.0
14,52482,500,6,thrust,300,60,0.18,1,10,-0.9454746998597584,-0.325695550975293,0.0
15,52484,500,7,thrust,300,60,0.2,1,10,-0.9945860559783712,-0.10391620303585136,0.0
16,45187,1000,0,thrust,300,60,0.01,2,10,-0.7182477708799128,0.07940615232178679,-0.6912414936905089
17,45235,1000,1,thrust,300,60,0.03,2,10,-0.6636379164067217,0.2883115575652563,-0.6902616617498332
18,45377,1000,2,thrust,300,60,0.06,2,10,0.18455398350511915,0.4628254841128956,-0.8670250275672875
19,45387,1000,3,thrust,300,60,0.09,2,10,0.8420083152926673,0.19532826760254335,-0.5028606813555756
20,45399,1000,4,thrust,300,60,0.12,0,10,0.3434321717963447,-0.2269771287378352,0.9113373285480926
21,45531,1000,5,thrust,300,60,0.15,0,10,0.13820316266711888,-0.36465501360732777,-0.920829303877676
22,45542,1000,6,thrust,300,60,0.18,0,10,-0.2809209480312165,-0.5496682044248162,-0.7867326648879154
23,45564,1000,7,thrust,300,60,0.2,0,10,0.5535288219364598,-0.13370737789174694,-0.8220268732729781
24,45578,1000,0,thrust,300,60,0.01,1,10,0.0025525456314206565,0.9999967422500933,-0.0
25,45660,1000,1,thrust,300,60,0.03,1,10,0.14698096025730073,-0.9891393214920948,0.0
26,45675,1000,2,thrust,300,60,0.06,1,10,0.9196575021070333,0.0,-0.39272137555556097
27,45677,1000,3,thrust,300,60,0.09,1,10,0.4271345040042311,-0.9041880974051028,0.0
28,47356,1000,4,thrust,300,60,0.12,2,10,-0.4418796837153743,0.5069307362294868,-0.7401105145756486
29,47361,1000,5,thrust,300,60,0.15,2,10,-0.2593714834537714,-0.10445348353350783,-0.9601124430756561
30,47362,1000,6,thrust,300,60,0.18,2,10,0.8578882705561837,0.23576809753733904,-0.45655352306793573
31,47367,1000,7,thrust,300,60,0.2,2,10,0.5794339419071658,0.07843124727272477,-0.8112366155550228
32,45189,1500,0,thrust,300,60,0.01,0,10,0.6764465021325562,-0.4819599673341723,-0.5568974049498463
33,45383,1500,1,thrust,300,60,0.03,0,10,-0.9827721146119829,0.07012027062738901,0.17100327010976596
34,45408,1500,2,thrust,300,60,0.06,0,10,0.9310744593032599,-0.1028635851182232,0.35002776188435136
35,45686,1500,3,thrust,300,60,0.09,0,10,0.5903110355421565,-0.5763993002842308,-0.5650634724957859
36,45696,1500,4,thrust,300,60,0.12,1,10,-0.9138682837193987,-0.406010788048496,0.0
37,46077,1500,5,thrust,300,60,0.15,1,10,0.29495594640401224,-0.9555108527279601,0.0
38,47371,1500,6,thrust,300,60,0.18,1,10,0.8927562840277872,0.450539917575454,-0.0
39,47373,1500,7,thrust,300,60,0.2,1,10,0.41394464743817133,-0.9103020536378506,0.0
40,47397,1500,0,thrust,300,60,0.01,2,10,-0.15262768277677324,0.19417314440374073,-0.9690209391146077
41,47630,1500,1,thrust,300,60,0.03,2,10,-0.08323937190831775,-0.08299403076994667,-0.9930675696149109
42,47655,1500,2,thrust,300,60,0.06,2,10,-0.3422364063064822,-0.1796866602306046,-0.9222727071390521
43,48143,1500,3,thrust,300,60,0.09,2,10,0.062331401988698215,-0.9715865925241742,0.22832934448595876
44,48276,1500,4,thrust,300,60,0.12,0,10,0.7802481111495292,-0.27444201658939876,0.5620448955180859
45,48292,1500,5,thrust,300,60,0.15,0,10,-0.4975056998015717,0.415529441039886,-0.7614613334201732
46,48293,1500,6,thrust,300,60,0.18,0,10,-0.9263979808235444,-0.3270452138874846,0.1866231743362789
47,48294,1500,7,thrust,300,60,0.2,0,10,-0.9347677295032838,-0.3200391390342839,0.15422140372033288
48,45397,2000,0,thrust,300,60,0.01,1,10,0.9748505192298171,0.0,-0.2228597432408015
49,45582,2000,1,thrust,300,60,0.03,1,10,-0.9999895853517822,-0.004563900521557549,0.0
50,46074,2000,2,thrust,300,60,0.06,1,10,0.6585349740641596,-0.7525501232039741,0.0
51,46079,2000,3,thrust,300,60,0.09,1,10,-0.7282827345501794,0.6852767751471757,0.0
52,46355,2000,4,thrust,300,60,0.12,2,10,-0.00869234497923269,0.2981350521594213,-0.9544841192040133
53,48303,2000,5,thrust,300,60,0.15,2,10,-0.4259987512437705,-0.5046714166121645,-0.7508873585255109
54,48304,2000,6,thrust,300,60,0.18,2,10,-0.0858458370291645,-0.924719420924264,-0.3708429382235235
55,48306,2000,7,thrust,300,60,0.2,2,10,-0.08873710317383483,-0.9265780117667256,-0.3654844930099469
56,48311,2000,0,thrust,300,60,0.01,0,10,0.5093015965240605,0.5700146646504569,-0.6447442639228906
57,48317,2000,1,thrust,300,60,0.03,0,10,0.5065517088068727,0.5725995933248414,-0.6446200989955737
58,48321,2000,2,thrust,300,60,0.06,0,10,-0.16725782180621618,-0.45144534183975604,0.8764827005570766
59,48325,2000,3,thrust,300,60,0.09,0,10,-0.21155238205635413,-0.4581550645539686,0.8633304850807896
60,48330,2000,4,thrust,300,60,0.12,1,10,-0.7357712385759618,0.6772301562130818,0.0
61,48331,2000,5,thrust,300,60,0.15,1,10,0.9755364175369611,-0.2198378904082548,0.0
62,48582,2000,6,thrust,300,60,0.18,1,10,-0.9566328470618852,0.0,0.29129640561165815
63,48663,2000,7,thrust,300,60,0.2,1,10,-0.49744890491872246,0.8674932777809656,0.0
0,45197,500,0,thrust,500,60,0.01,2,10,0.4156267407397894,-0.6310336845701039,-0.6550197717015104
1,45693,500,1,thrust,500,60,0.03,2,10,0.013691908107276425,-0.052955985549479695,-0.998502977084628
2,47377,500,2,thrust,500,60,0.06,2,10,-0.007295376469907795,0.016630891534298194,-0.9998350818654728
3,47389,500,3,thrust,500,60,0.09,2,10,0.3336908520054238,-0.7253420893612799,-0.602104034772154
4,47390,500,4,thrust,500,60,0.12,0,10,-0.10572000970986827,0.9560316867257085,0.27354468286432176
5,47391,500,5,thrust,500,60,0.15,0,10,0.815861951040139,-0.3608050342954938,-0.4518727742097385
6,47650,500,6,thrust,500,60,0.18,0,10,0.2748194500926176,-0.4946411071734305,0.8245025439287826
7,48287,500,7,thrust,500,60,0.2,0,10,0.048043671495072764,-0.9966700082898424,0.06588399050451568
8,48291,500,0,thrust,500,60,0.01,1,10,-0.996621651216446,-0.08212967993730853,0.0
9,48687,500,1,thrust,500,60,0.03,1,10,0.9921986105379225,0.12466722603241089,-0.0
10,51862,500,2,thrust,500,60,0.06,1,10,0.9843277799564897,0.17634857982396235,-0.0
11,51867,500,3,thrust,500,60,0.09,1,10,0.9999779368981133,0.0066427190963374285,-0.0
12,52471,500,4,thrust,500,60,0.12,2,10,0.001967873731922448,-0.040190335547180094,-0.9991901042352151
13,52472,500,5,thrust,500,60,0.15,2,10,0.033292120305780507,-0.18903376957204068,-0.9814060671745055
14,52482,500,6,thrust,500,60,0.18,2,10,0.004552510921299674,-0.01941524759096147,-0.999801141630321
15,52484,500,7,thrust,500,60,0.2,2,10,0.027641593546680637,-0.16851687209806301,-0.9853111214862467
16,45187,1000,0,thrust,500,60,0.01,0,10,0.6192526900177987,0.339572933446292,-0.7079663330811715
17,45235,1000,1,thrust,500,60,0.03,0,10,-0.6045131182282347,-0.2486053476346837,0.7568086092384351
18,45377,1000,2,thrust,500,60,0.06,0,10,-0.06300138495710597,-0.989845665565807,-0.12742206972919307
19,45387,1000,3,thrust,500,60,0.09,0,10,0.3961073266052016,0.45161400385102785,0.7994646817310467
20,45399,1000,4,thrust,500,60,0.12,1,10,-0.9368785974922323,0.0,0.3496548205888028
21,45531,1000,5,thrust,500,60,0.15,1,10,0.9845126918172942,-0.0,0.17531331852048618
22,45542,1000,6,thrust,500,60,0.18,1,10,0.9793806075883336,0.0,-0.20202382404039987
23,45564,1000,7,thrust,500,60,0.2,1,10,0.4818817674071615,-0.8762362479608738,0.0
24,45578,1000,0,thrust,500,60,0.01,2,10,0.5198315469393563,-0.5637052747361091,-0.6418812398265927
25,45660,1000,1,thrust,500,60,0.03,2,10,0.607803363303841,-0.08932848686166059,-0.7890472058068166
26,45675,1000,2,thrust,500,60,0.06,2,10,0.16723746394307926,-0.8494383409892011,-0.500485899413161
27,45677,1000,3,thrust,500,60,0.09,2,10,0.8357795915841332,0.1833327085583349,-0.5175534680244389
28,47356,1000,4,thrust,500,60,0.12,0,10,-0.5568677043341357,-0.05553367853667339,0.8287426442616639
29,47361,1000,5,thrust,500,60,0.15,0,10,-0.9768248407184441,0.13226552517098572,-0.16828268302659602
30,47362,1000,6,thrust,500,60,0.18,0,10,-0.2833500114021801,0.07299010438661728,-0.956234916586931
31,47367,1000,7,thrust,500,60,0.2,0,10,0.6306703183856583,-0.10720652943029153,0.7686102455437633
32,45189,1500,0,thrust,500,60,0.01,1,10,-0.10024833960672293,-0.9949624467315816,0.0
33,45383,1500,1,thrust,500,60,0.03,1,10,0.6254260277346309,0.7802834637694692,-0.0
34,45408,1500,2,thrust,500,60,0.06,1,10,-0.424228272601814,-0.905555284190469,0.0
35,45686,1500,3,thrust,500,60,0.09,1,10,-0.2197470610529124,-0.975556881559762,0.0
36,45696,1500,4,thrust,500,60,0.12,2,10,-0.5315437418649716,0.5083806174807839,-0.6775030614351799
37,46077,1500,5,thrust,500,60,0.15,2,10,0.618391366255326,0.11926382838619047,-0.7767678272042043
38,47371,1500,6,thrust,500,60,0.18,2,10,0.09406127909228015,-0.14845504623427924,-0.9844356632218798
39,47373,1500,7,thrust,500,60,0.2,2,10,0.14775384405152242,0.05797442824152547,-0.9873235372653011
40,47397,1500,0,thrust,500,60,0.01,0,10,0.7090077378319922,-0.6912050992228458,-0.1397982063643768
41,47630,1500,1,thrust,500,60,0.03,0,10,0.6346080339253066,0.7721534991928892,-0.03242864415349287
42,47655,1500,2,thrust,500,60,0.06,0,10,0.9130742795185459,0.37427342126230007,-0.16190974713803113
43,48143,1500,3,thrust,500,60,0.09,0,10,0.10907548244896982,-0.9940252282217964,-0.004047812635234622
44,48276,1500,4,thrust,500,60,0.12,1,10,-0.23271885875669657,-0.9725440518449436,0.0
45,48292,1500,5,thrust,500,60,0.15,1,10,-0.1421944410719176,0.989838744911637,0.0
46,48293,1500,6,thrust,500,60,0.18,1,10,-0.012647583300025864,0.999920016119624,0.0
47,48294,1500,7,thrust,500,60,0.2,1,10,-0.00707552509267705,0.999974968159035,0.0
48,45397,2000,0,thrust,500,60,0.01,2,10,-0.034861351100570905,0.20239323610067814,-0.978683638455317
49,45582,2000,1,thrust,500,60,0.03,2,10,0.02984213098695846,-0.9963483976770569,-0.07999573528956896
50,46074,2000,2,thrust,500,60,0.06,2,10,0.16274160633325122,-0.09802602666406714,-0.9817871804339926
51,46079,2000,3,thrust,500,60,0.09,2,10,0.17804746021622003,-0.1355452363324445,-0.9746417756376624
52,46355,2000,4,thrust,500,60,0.12,0,10,0.4107194174563798,0.3150632973524785,-0.8555960955881436
53,48303,2000,5,thrust,500,60,0.15,0,10,0.9668517265627018,0.07404207722821736,-0.24436757076677204
54,48304,2000,6,thrust,500,60,0.18,0,10,-0.24447126778320646,0.9633683986564298,0.11025029568494497
55,48306,2000,7,thrust,500,60,0.2,0,10,-0.2269443687397421,0.9674433742278397,0.11202486848897525
56,48311,2000,0,thrust,500,60,0.01,1,10,0.0646153140855149,-0.9979102470591382,0.0
57,48317,2000,1,thrust,500,60,0.03,1,10,0.09000925277953478,-0.9959409291790703,0.0
58,48321,2000,2,thrust,500,60,0.06,1,10,0.7970666067731956,0.6038914011368798,-0.0
59,48325,2000,3,thrust,500,60,0.09,1,10,0.7704770172385852,0.637467776367663,-0.0
60,48330,2000,4,thrust,500,60,0.12,2,10,0.17309797048123057,-0.14028178357832558,-0.9748631256804018
61,48331,2000,5,thrust,500,60,0.15,2,10,-0.008114560407725055,0.012089221663080628,-0.9998939966961351
62,48582,2000,6,thrust,500,60,0.18,2,10,0.04440476511847424,0.6042345913711884,-0.7955682091595075
63,48663,2000,7,thrust,500,60,0.2,2,10,0.3182189247229296,-0.17408351189683843,-0.931896800527744
0,45197,500,0,thrust,100,60,0.01,0,15,0.8437778962161424,0.44820954645120786,0.29520681619343325
1,45693,500,1,thrust,100,60,0.03,0,15,0.3150143062122535,0.10337262695928504,-0.943440558210823
2,47377,500,2,thrust,100,60,0.06,0,15,-0.5450155610459307,-0.13103466488182258,0.8281231519629781
3,47389,500,3,thrust,100,60,0.09,0,15,-0.6516170969534119,-0.6320954725304435,-0.419345290380759
4,47390,500,4,thrust,100,60,0.12,1,15,-0.9995536693272058,0.0,0.029874104748407078
5,47391,500,5,thrust,100,60,0.15,1,15,0.6573465163129724,-0.7535884536610146,0.0
6,47650,500,6,thrust,100,60,0.18,1,15,0.7199062554122733,-0.6940713100382979,0.0
7,48287,500,7,thrust,100,60,0.2,1,15,-0.8918094452760671,0.4524112214748808,0.0
8,48291,500,0,thrust,100,60,0.01,2,15,0.36132907510647466,0.697743990608747,-0.6185423373157897
9,48687,500,1,thrust,100,60,0.03,2,15,0.0009604255535397906,-0.9985178724790387,0.05441632037073294
10,51862,500,2,thrust,100,60,0.06,2,15,0.38887499023971756,0.3952406097979751,-0.8322025608784103
11,51867,500,3,thrust,100,60,0.09,2,15,0.2713727368659558,0.6369464779402881,-0.7215649810830225
12,52471,500,4,thrust,100,60,0.12,0,15,-0.33116990957224507,-0.6340652421807614,-0.6987759008810788
13,52472,500,5,thrust,100,60,0.15,0,15,0.01534642565851959,0.3933317720586919,0.9192685158911278
14,52482,500,6,thrust,100,60,0.18,0,15,0.28785151100545503,-0.05834692894066948,-0.9558959898938111
15,52484,500,7,thrust,100,60,0.2,0,15,-0.07922159690311441,-0.48921342005038654,-0.8685586728751976
16,45187,1000,0,thrust,100,60,0.01,1,15,-0.7050982575581303,-0.7091096157777644,0.0
17,45235,1000,1,thrust,100,60,0.03,1,15,0.8674645788693675,0.4974989491516447,-0.0
18,45377,1000,2,thrust,100,60,0.06,1,15,-0.10276661371043588,0.9947054956651693,0.0
19,45387,1000,3,thrust,100,60,0.09,1,15,-0.39994114148896637,-0.9165408247014983,0.0
20,45399,1000,4,thrust,100,60,0.12,2,15,0.48790778835424636,-0.7096902106321421,-0.5082182552763856
21,45531,1000,5,thrust,100,60,0.15,2,15,0.0074730019785710375,0.37032561775662926,-0.9288719454664347
22,45542,1000,6,thrust,100,60,0.18,2,15,0.2981220144931125,0.5379229011710873,-0.7885190022252152
23,45564,1000,7,thrust,100,60,0.2,2,15,-0.40912895470795346,0.5433444795398096,-0.7330690792641514
24,45578,1000,0,thrust,100,60,0.01,0,15,-0.7324031533670353,-0.6764819669183204,0.07718658803408518
25,45660,1000,1,thrust,100,60,0.03,0,15,0.9468411615619009,0.3180195317054429,0.04853238327097822
26,45675,1000,2,thrust,100,60,0.06,0,15,-0.4170022290088461,-0.904688997049329,-0.0874468959971316
27,45677,1000,3,thrust,100,60,0.09,0,15,0.7649900151056638,0.43551746506373457,0.47446265860770864
28,47356,1000,4,thrust,100,60,0.12,1,15,0.9633454042906092,0.2682641087289965,-0.0
29,47361,1000,5,thrust,100,60,0.15,1,15,-0.7170380057484548,0.6970340725619365,0.0
30,47362,1000,6,thrust,100,60,0.18,1,15,-0.43963536807987463,0.898176343004687,0.0
31,47367,1000,7,thrust,100,60,0.2,1,15,0.30079536784744143,-0.9536887053339378,0.0
32,45189,1500,0,thrust,100,60,0.01,2,15,-0.2331100514159968,0.39013531300962273,-0.8907604287751645
33,45383,1500,1,thrust,100,60,0.03,2,15,-0.48048112397957204,-0.4825029871959102,-0.7323446981076265
34,45408,1500,2,thrust,100,60,0.06,2,15,-0.034931891801288466,-0.006637419611597328,-0.9993676538672257
35,45686,1500,3,thrust,100,60,0.09,2,15,-0.17366317991409352,0.39617525498779177,-0.901602055941247
36,45696,1500,4,thrust,100,60,0.12,0,15,0.10363370086923535,-0.805607101606459,-0.5833157411602969
37,46077,1500,5,thrust,100,60,0.15,0,15,0.9319919597293281,0.3416436511587586,0.1211222631178879
38,47371,1500,6,thrust,100,60,0.18,0,15,-0.37095574985808205,0.9210814138545895,-0.1183252327226051
39,47373,1500,7,thrust,100,60,0.2,0,15,0.8581355616350569,0.41005397526099635,-0.30896455335513756
40,47397,1500,0,thrust,100,60,0.01,1,15,-0.8632157747879131,-0.5048351475058991,0.0
41,47630,1500,1,thrust,100,60,0.03,1,15,0.6233680006598806,-0.7819286001632777,0.0
42,47655,1500,2,thrust,100,60,0.06,1,15,0.5112813525701848,-0.8594133920960287,0.0
43,48143,1500,3,thrust,100,60,0.09,1,15,0.8837856008491232,0.46789209411118954,-0.0
44,48276,1500,4,thrust,100,60,0.12,2,15,0.3918255668090523,-0.17432031030275857,-0.9033743158905474
45,48292,1500,5,thrust,100,60,0.15,2,15,0.36684459186386703,-0.586336463419167,-0.7222427549552413
46,48293,1500,6,thrust,100,60,0.18,2,15,-0.4042294989391221,-0.2604360502744487,-0.8767961997550349
47,48294,1500,7,thrust,100,60,0.2,2,15,-0.3896135150742938,-0.2454237080047917,-0.887675905058052
48,45397,2000,0,thrust,100,60,0.01,0,15,-0.24908507133786856,0.5780827130756896,-0.7770308900421261
49,45582,2000,1,thrust,100,60,0.03,0,15,-0.19382580268466723,-0.9728458538115419,0.12650099974046275
50,46074,2000,2,thrust,100,60,0.06,0,15,0.11222717430382649,0.6586831263129258,-0.7440037637394108
51,46079,2000,3,thrust,100,60,0.09,0,15,-0.030851554234793698,-0.6686881626967328,0.7429026333716723
52,46355,2000,4,thrust,100,60,0.12,1,15,-0.9699030366260328,0.24349147735311072,0.0
53,48303,2000,5,thrust,100,60,0.15,1,15,0.9430275768470381,-0.3327145763353384,0.0
54,48304,2000,6,thrust,100,60,0.18,1,15,-0.9302451445284705,-0.3669386475709596,0.0
55,48306,2000,7,thrust,100,60,0.2,1,15,-0.9286573709608213,-0.37093865713906854,0.0
56,48311,2000,0,thrust,100,60,0.01,2,15,-0.2537901493106801,-0.676969780862121,-0.6908708098569184
57,48317,2000,1,thrust,100,60,0.03,2,15,-0.25579749269155966,-0.6761762495906415,-0.6909076075874734
58,48321,2000,2,thrust,100,60,0.06,2,15,0.11994392694549481,-0.739659059026703,-0.6622068640452363
59,48325,2000,3,thrust,100,60,0.09,2,15,0.1035406151834531,-0.7424360086111176,-0.6618671423518654
60,48330,2000,4,thrust,100,60,0.12,0,15,-0.020007021152559205,-0.6674087418484831,0.7444227900923143
61,48331,2000,5,thrust,100,60,0.15,0,15,-0.11537974976402461,0.6393543686088797,-0.7602062251028544
62,48582,2000,6,thrust,100,60,0.18,0,15,0.2565254840954768,-0.5882849215611222,0.7668869063124011
63,48663,2000,7,thrust,100,60,0.2,0,15,-0.17648385729732935,-0.674068249003696,0.7172764068325036
0,45197,500,0,thrust,300,60,0.01,1,15,-0.46153588268309953,-0.887121541276015,0.0
1,45693,500,1,thrust,300,60,0.03,1,15,-0.9165416810753748,-0.3999391789404059,0.0
2,47377,500,2,thrust,300,60,0.06,1,15,0.7368941323369518,0.6760081639502373,-0.0
3,47389,500,3,thrust,300,60,0.09,1,15,0.4917915112033141,0.8707129891694281,-0.0
4,47390,500,4,thrust,300,60,0.12,2,15,-0.028605852342671042,0.6640302089789907,-0.7471583411667617
5,47391,500,5,thrust,300,60,0.15,2,15,-0.6608102953209714,-0.12289126903692121,-0.7404238580653014
6,47650,500,6,thrust,300,60,0.18,2,15,0.7940582594632436,-0.36582389804816196,-0.48543213345951053
7,48287,500,7,thrust,300,60,0.2,2,15,0.010787907103613697,0.13048580619759842,-0.9913914844506617
8,48291,500,0,thrust,300,60,0.01,0,15,-0.03680547971568972,-0.9884659191926208,-0.14690297225578938
9,48687,500,1,thrust,300,60,0.03,0,15,-0.04255089422411257,0.6981726849285925,0.7146637834816653
10,51862,500,2,thrust,300,60,0.06,0,15,-0.27310297279545404,0.3988535778803007,-0.8754031012410045
11,51867,500,3,thrust,300,60,0.09,0,15,-0.08275947833319695,0.3650239404861893,-0.9273124563047518
12,52471,500,4,thrust,300,60,0.12,1,15,-0.996482330618498,0.0838031309983484,0.0
13,52472,500,5,thrust,300,60,0.15,1,15,0.9907876559266107,0.1354245947509239,-0.0
14,52482,500,6,thrust,300,60,0.18,1,15,-0.9454746998597682,-0.32569555097526465,0.0
15,52484,500,7,thrust,300,60,0.2,1,15,-0.9945860559783679,-0.10391620303588273,0.0
16,45187,1000,0,thrust,300,60,0.01,2,15,-0.7182477708798871,0.07940615232177049,-0.6912414936905372
17,45235,1000,1,thrust,300,60,0.03,2,15,-0.663637916406738,0.28831155756526955,-0.690261661749812
18,45377,1000,2,thrust,300,60,0.06,2,15,0.18455398350511298,0.4628254841128697,-0.8670250275673026
19,45387,1000,3,thrust,300,60,0.09,2,15,0.8420083152926596,0.19532826760256458,-0.5028606813555798
20,45399,1000,4,thrust,300,60,0.12,0,15,0.34343217179636015,-0.22697712873782622,0.9113373285480891
21,45531,1000,5,thrust,300,60,0.15,0,15,0.13820316266714622,-0.3646550136073286,-0.9208293038776717
22,45542,1000,6,thrust,300,60,0.18,0,15,-0.2809209480312819,-0.5496682044248006,-0.7867326648879029
23,45564,1000,7,thrust,300,60,0.2,0,15,0.5535288219364651,-0.13370737789173803,-0.822026873272976
24,45578,1000,0,thrust,300,60,0.01,1,15,0.002552545631350996,0.9999967422500935,-0.0
25,45660,1000,1,thrust,300,60,0.03,1,15,0.14698096025729726,-0.9891393214920955,0.0
26,45675,1000,2,thrust,300,60,0.06,1,15,0.9196575021070553,0.0,-0.39272137555550946
27,45677,1000,3,thrust,300,60,0.09,1,15,0.4271345040042196,-0.9041880974051082,0.0
28,47356,1000,4,thrust,300,60,0.12,2,15,-0.4418796837153654,0.506930736229483,-0.7401105145756564
29,47361,1000,5,thrust,300,60,0.15,2,15,-0.25937148345373806,-0.1044534835335021,-0.9601124430756659
30,47362,1000,6,thrust,300,60,0.18,2,15,0.8578882705561821,0.23576809753730998,-0.4565535230679536
31,47367,1000,7,thrust,300,60,0.2,2,15,0.5794339419071564,0.0784312472727386,-0.8112366155550282
32,45189,1500,0,thrust,300,60,0.01,0,15,0.6764465021325461,-0.48195996733417135,-0.5568974049498593
33,45383,1500,1,thrust,300,60,0.03,0,15,-0.9827721146119754,0.07012027062735995,0.1710032701098192
34,45408,1500,2,thrust,300,60,0.06,0,15,0.9310744593032514,-0.10286358511821977,0.35002776188437523
35,45686,1500,3,thrust,300,60,0.09,0,15,0.5903110355421638,-0.5763993002842323,-0.5650634724957772
36,45696,1500,4,thrust,300,60,0.12,1,15,-0.9138682837193796,-0.40601078804853924,0.0
37,46077,1500,5,thrust,300,60,0.15,1,15,0.29495594640402767,-0.9555108527279553,0.0
38,47371,1500,6,thrust,300,60,0.18,1,15,0.8927562840277988,0.45053991757543094,-0.0
39,47373,1500,7,thrust,300,60,0.2,1,15,0.4139446474381754,-0.9103020536378486,0.0
40,47397,1500,0,thrust,300,60,0.01,2,15,-0.15262768277676483,0.1941731444037383,-0.9690209391146097
41,47630,1500,1,thrust,300,60,0.03,2,15,-0.08323937190832174,-0.08299403076994932,-0.9930675696149105
42,47655,1500,2,thrust,300,60,0.06,2,15,-0.34223640630646124,-0.17968666023058272,-0.9222727071390642
43,48143,1500,3,thrust,300,60,0.09,2,15,0.062331401988685135,-0.9715865925241893,0.2283293444858977
44,48276,1500,4,thrust,300,60,0.12,0,15,0.7802481111495321,-0.27444201658939976,0.5620448955180812
45,48292,1500,5,thrust,300,60,0.15,0,15,-0.49750569980155823,0.41552944103990713,-0.7614613334201704
46,48293,1500,6,thrust,300,60,0.18,0,15,-0.9263979808235522,-0.3270452138874707,0.1866231743362649
47,48294,1500,7,thrust,300,60,0.2,0,15,-0.9347677295032829,-0.32003913903428555,0.15422140372033494
48,45397,2000,0,thrust,300,60,0.01,1,15,0.9748505192298176,0.0,-0.22285974324079977
49,45582,2000,1,thrust,300,60,0.03,1,15,-0.999989585351782,-0.004563900521598343,0.0
50,46074,2000,2,thrust,300,60,0.06,1,15,0.6585349740641335,-0.752550123203997,0.0
51,46079,2000,3,thrust,300,60,0.09,1,15,-0.7282827345502021,0.6852767751471517,0.0
52,46355,2000,4,thrust,300,60,0.12,2,15,-0.008692344979224206,0.2981350521593775,-0.9544841192040271
53,48303,2000,5,thrust,300,60,0.15,2,15,-0.4259987512437805,-0.5046714166121712,-0.7508873585255009
54,48304,2000,6,thrust,300,60,0.18,2,15,-0.08584583702917702,-0.9247194209242582,-0.37084293822353437
55,48306,2000,7,thrust,300,60,0.2,2,15,-0.0887371031738227,-0.9265780117667347,-0.3654844930099267
56,48311,2000,0,thrust,300,60,0.01,0,15,0.5093015965240664,0.5700146646504162,-0.6447442639229222
57,48317,2000,1,thrust,300,60,0.03,0,15,0.5065517088068917,0.5725995933248549,-0.6446200989955468
58,48321,2000,2,thrust,300,60,0.06,0,15,-0.16725782180619903,-0.45144534183982754,0.876482700557043
59,48325,2000,3,thrust,300,60,0.09,0,15,-0.21155238205636104,-0.4581550645539916,0.8633304850807755
60,48330,2000,4,thrust,300,60,0.12,1,15,-0.7357712385759301,0.6772301562131162,0.0
61,48331,2000,5,thrust,300,60,0.15,1,15,0.9755364175369637,-0.21983789040824317,0.0
62,48582,2000,6,thrust,300,60,0.18,1,15,-0.9566328470618883,0.0,0.2912964056116479
63,48663,2000,7,thrust,300,60,0.2,1,15,-0.49744890491871874,0.8674932777809679,0.0
0,45197,500,0,thrust,500,60,0.01,2,15,0.4156267407397779,-0.6310336845700699,-0.6550197717015502
1,45693,500,1,thrust,500,60,0.03,2,15,0.01369190810727108,-0.05295598554949202,-0.9985029770846273
2,47377,500,2,thrust,500,60,0.06,2,15,-0.007295376469927173,0.016630891534338103,-0.999835081865472
3,47389,500,3,thrust,500,60,0.09,2,15,0.3336908520054441,-0.7253420893613353,-0.6021040347720761
4,47390,500,4,thrust,500,60,0.12,0,15,-0.10572000970977494,0.9560316867257042,0.2735446828643724
5,47391,500,5,thrust,500,60,0.15,0,15,0.815861951040117,-0.36080503429551863,-0.45187277420975847
6,47650,500,6,thrust,500,60,0.18,0,15,0.27481945009270026,-0.49464110717342685,0.8245025439287572
7,48287,500,7,thrust,500,60,0.2,0,15,0.048043671495067726,-0.996670008289843,0.06588399050450958
8,48291,500,0,thrust,500,60,0.01,1,15,-0.9966216512164485,-0.08212967993727775,0.0
9,48687,500,1,thrust,500,60,0.03,1,15,0.9921986105379186,0.12466722603244144,-0.0
10,51862,500,2,thrust,500,60,0.06,1,15,0.9843277799564873,0.17634857982397598,-0.0
11,51867,500,3,thrust,500,60,0.09,1,15,0.9999779368981133,0.006642719096331351,-0.0
12,52471,500,4,thrust,500,60,0.12,2,15,0.0019678737319243026,-0.04019033554720667,-0.9991901042352141
13,52472,500,5,thrust,500,60,0.15,2,15,0.03329212030577398,-0.18903376957201778,-0.9814060671745102
14,52482,500,6,thrust,500,60,0.18,2,15,0.0045525109212983025,-0.01941524759095254,-0.9998011416303211
15,52484,500,7,thrust,500,60,0.2,2,15,0.027641593546685914,-0.16851687209804045,-0.9853111214862506
16,45187,1000,0,thrust,500,60,0.01,0,15,0.6192526900178359,0.3395729334462993,-0.7079663330811355
17,45235,1000,1,thrust,500,60,0.03,0,15,-0.6045131182282025,-0.24860534763467526,0.7568086092384636
18,45377,1000,2,thrust,500,60,0.06,0,15,-0.06300138495709996,-0.9898456655658057,-0.12742206972920597
19,45387,1000,3,thrust,500,60,0.09,0,15,0.3961073266051899,0.45161400385103323,0.7994646817310497
20,45399,1000,4,thrust,500,60,0.12,1,15,-0.936878597492226,0.0,0.3496548205888195
21,45531,1000,5,thrust,500,60,0.15,1,15,0.9845126918172944,-0.0,0.17531331852048507
22,45542,1000,6,thrust,500,60,0.18,1,15,0.9793806075883323,0.0,-0.20202382404040636
23,45564,1000,7,thrust,500,60,0.2,1,15,0.4818817674071658,-0.8762362479608716,0.0
24,45578,1000,0,thrust,500,60,0.01,2,15,0.5198315469393914,-0.5637052747361017,-0.6418812398265705
25,45660,1000,1,thrust,500,60,0.03,2,15,0.6078033633038455,-0.08932848686165558,-0.7890472058068142
26,45675,1000,2,thrust,500,60,0.06,2,15,0.1672374639430229,-0.8494383409892103,-0.5004858994131642
27,45677,1000,3,thrust,500,60,0.09,2,15,0.8357795915841496,0.18333270855828884,-0.5175534680244291
28,47356,1000,4,thrust,500,60,0.12,0,15,-0.5568677043341772,-0.055533678536658033,0.8287426442616372
29,47361,1000,5,thrust,500,60,0.15,0,15,-0.9768248407184243,0.13226552517100543,-0.16828268302669463
30,47362,1000,6,thrust,500,60,0.18,0,15,-0.2833500114022526,0.07299010438663055,-0.9562349165869085
31,47367,1000,7,thrust,500,60,0.2,0,15,0.630670318385682,-0.10720652943027394,0.7686102455437465
32,45189,1500,0,thrust,500,60,0.01,1,15,-0.10024833960674244,-0.9949624467315796,0.0
33,45383,1500,1,thrust,500,60,0.03,1,15,0.6254260277346324,0.7802834637694681,-0.0
34,45408,1500,2,thrust,500,60,0.06,1,15,-0.424228272601838,-0.9055552841904577,0.0
35,45686,1500,3,thrust,500,60,0.09,1,15,-0.21974706105290925,-0.9755568815597627,0.0
36,45696,1500,4,thrust,500,60,0.12,2,15,-0.5315437418649845,0.5083806174808112,-0.6775030614351492
37,46077,1500,5,thrust,500,60,0.15,2,15,0.6183913662553058,0.11926382838621055,-0.7767678272042171
38,47371,1500,6,thrust,500,60,0.18,2,15,0.09406127909227809,-0.14845504623428488,-0.9844356632218789
39,47373,1500,7,thrust,500,60,0.2,2,15,0.14775384405149342,0.05797442824151714,-0.987323537265306
40,47397,1500,0,thrust,500,60,0.01,0,15,0.709007737831985,-0.6912050992228564,-0.13979820636436047
41,47630,1500,1,thrust,500,60,0.03,0,15,0.6346080339253103,0.7721534991928862,-0.03242864415349239
42,47655,1500,2,thrust,500,60,0.06,0,15,0.91307427951856,0.3742734212622705,-0.16190974713801995
43,48143,1500,3,thrust,500,60,0.09,0,15,0.10907548244896803,-0.9940252282217967,-0.0040478126352449465
44,48276,1500,4,thrust,500,60,0.12,1,15,-0.23271885875671586,-0.9725440518449392,0.0
45,48292,1500,5,thrust,500,60,0.15,1,15,-0.1421944410718725,0.9898387449116435,0.0
46,48293,1500,6,thrust,500,60,0.18,1,15,-0.012647583300023689,0.999920016119624,0.0
47,48294,1500,7,thrust,500,60,0.2,1,15,-0.007075525092688876,0.9999749681590349,0.0
48,45397,2000,0,thrust,500,60,0.01,2,15,-0.034861351100565895,0.2023932361006177,-0.9786836384553298
49,45582,2000,1,thrust,500,60,0.03,2,15,0.029842130986966225,-0.9963483976770556,-0.0799957352895781
50,46074,2000,2,thrust,500,60,0.06,2,15,0.16274160633324486,-0.09802602666406654,-0.9817871804339933
51,46079,2000,3,thrust,500,60,0.09,2,15,0.1780474602161875,-0.13554523633241286,-0.9746417756376726
52,46355,2000,4,thrust,500,60,0.12,0,15,0.4107194174563687,0.3150632973524816,-0.8555960955881479
53,48303,2000,5,thrust,500,60,0.15,0,15,0.9668517265627052,0.07404207722815412,-0.2443675707667774
54,48304,2000,6,thrust,500,60,0.18,0,15,-0.24447126778318118,0.9633683986564476,0.11025029568484662
55,48306,2000,7,thrust,500,60,0.2,0,15,-0.22694436873978177,0.9674433742278222,0.11202486848904598
56,48311,2000,0,thrust,500,60,0.01,1,15,0.06461531408543812,-0.9979102470591431,0.0
57,48317,2000,1,thrust,500,60,0.03,1,15,0.0900092527795621,-0.9959409291790678,0.0
58,48321,2000,2,thrust,500,60,0.06,1,15,0.7970666067731945,0.6038914011368813,-0.0
59,48325,2000,3,thrust,500,60,0.09,1,15,0.7704770172385892,0.6374677763676583,-0.0
60,48330,2000,4,thrust,500,60,0.12,2,15,0.17309797048120504,-0.14028178357830798,-0.9748631256804091
61,48331,2000,5,thrust,500,60,0.15,2,15,-0.008114560407776935,0.01208922166315655,-0.9998939966961338
62,48582,2000,6,thrust,500,60,0.18,2,15,0.04440476511847904,0.6042345913712558,-0.795568209159456
63,48663,2000,7,thrust,500,60,0.2,2,15,0.3182189247229027,-0.1740835118968336,-0.9318968005277541
0,45197,500,0,thrust,100,60,0.01,0,20,0.843777896216117,0.4482095464512305,0.29520681619347144
1,45693,500,1,thrust,100,60,0.03,0,20,0.3150143062122824,0.1033726269593241,-0.943440558210809
2,47377,500,2,thrust,100,60,0.06,0,20,-0.5450155610459445,-0.13103466488182286,0.828123151962969
3,47389,500,3,thrust,100,60,0.09,0,20,-0.6516170969534204,-0.6320954725304202,-0.4193452903807807
4,47390,500,4,thrust,100,60,0.12,1,20,-0.9995536693272046,0.0,0.02987410474844631
5,47391,500,5,thrust,100,60,0.15,1,20,0.6573465163129236,-0.7535884536610571,0.0
6,47650,500,6,thrust,100,60,0.18,1,20,0.7199062554123403,-0.6940713100382281,0.0
7,48287,500,7,thrust,100,60,0.2,1,20,-0.8918094452760648,0.45241122147488544,0.0
8,48291,500,0,thrust,100,60,0.01,2,20,0.36132907510647155,0.6977439906087195,-0.6185423373158228
9,48687,500,1,thrust,100,60,0.03,2,20,0.0009604255535412254,-0.9985178724790371,0.054416320370762425
10,51862,500,2,thrust,100,60,0.06,2,20,0.3888749902397058,0.39524060979799575,-0.832202560878406
11,51867,500,3,thrust,100,60,0.09,2,20,0.27137273686595254,0.6369464779403473,-0.7215649810829716
12,52471,500,4,thrust,100,60,0.12,0,20,-0.3311699095722508,-0.6340652421807307,-0.6987759008811042
13,52472,500,5,thrust,100,60,0.15,0,20,0.015346425658493071,0.393331772058702,0.9192685158911239
14,52482,500,6,thrust,100,60,0.18,0,20,0.287851511005417,-0.05834692894063821,-0.9558959898938244
15,52484,500,7,thrust,100,60,0.2,0,20,-0.0792215969030996,-0.4892134200504153,-0.8685586728751827
16,45187,1000,0,thrust,100,60,0.01,1,20,-0.7050982575581357,-0.709109615777759,0.0
17,45235,1000,1,thrust,100,60,0.03,1,20,0.8674645788693823,0.4974989491516188,-0.0
18,45377,1000,2,thrust,100,60,0.06,1,20,-0.10276661371038188,0.9947054956651749,0.0
19,45387,1000,3,thrust,100,60,0.09,1,20,-0.3999411414889539,-0.9165408247015037,0.0
20,45399,1000,4,thrust,100,60,0.12,2,20,0.4879077883542415,-0.7096902106321475,-0.508218255276383
21,45531,1000,5,thrust,100,60,0.15,2,20,0.007473001978580088,0.37032561775662215,-0.9288719454664376
22,45542,1000,6,thrust,100,60,0.18,2,20,0.29812201449311015,0.5379229011710893,-0.7885190022252149
23,45564,1000,7,thrust,100,60,0.2,2,20,-0.4091289547079745,0.543344479539805,-0.733069079264143
24,45578,1000,0,thrust,100,60,0.01,0,20,-0.7324031533670343,-0.6764819669183222,0.07718658803407798
25,45660,1000,1,thrust,100,60,0.03,0,20,0.9468411615619016,0.3180195317054411,0.04853238327097552
26,45675,1000,2,thrust,100,60,0.06,0,20,-0.41700222900884915,-0.9046889970493329,-0.08744689599707514
27,45677,1000,3,thrust,100,60,0.09,0,20,0.7649900151056693,0.43551746506373185,0.4744626586077022
28,47356,1000,4,thrust,100,60,0.12,1,20,0.9633454042906076,0.2682641087290023,-0.0
29,47361,1000,5,thrust,100,60,0.15,1,20,-0.717038005748453,0.6970340725619384,0.0
30,47362,1000,6,thrust,100,60,0.18,1,20,-0.4396353680798834,0.8981763430046829,0.0
31,47367,1000,7,thrust,100,60,0.2,1,20,0.3007953678474229,-0.9536887053339436,0.0
32,45189,1500,0,thrust,100,60,0.01,2,20,-0.23311005141598481,0.39013531300962273,-0.8907604287751677
33,45383,1500,1,thrust,100,60,0.03,2,20,-0.48048112397955545,-0.4825029871959115,-0.7323446981076365
34,45408,1500,2,thrust,100,60,0.06,2,20,-0.03493189180130769,-0.006637419611601093,-0.9993676538672249
35,45686,1500,3,thrust,100,60,0.09,2,20,-0.17366317991409091,0.39617525498778355,-0.901602055941251
36,45696,1500,4,thrust,100,60,0.12,0,20,0.10363370086920522,-0.8056071016064622,-0.5833157411602978
37,46077,1500,5,thrust,100,60,0.15,0,20,0.9319919597293209,0.34164365115877604,0.1211222631178942
38,47371,1500,6,thrust,100,60,0.18,0,20,-0.3709557498580766,0.9210814138545913,-0.11832523272260811
39,47373,1500,7,thrust,100,60,0.2,0,20,0.8581355616350527,0.41005397526100107,-0.30896455335514306
40,47397,1500,0,thrust,100,60,0.01,1,20,-0.8632157747879107,-0.5048351475059032,0.0
41,47630,1500,1,thrust,100,60,0.03,1,20,0.6233680006598813,-0.7819286001632771,0.0
42,47655,1500,2,thrust,100,60,0.06,1,20,0.5112813525701944,-0.859413392096023,0.0
43,48143,1500,3,thrust,100,60,0.09,1,20,0.88378560084912,0.4678920941111956,-0.0
44,48276,1500,4,thrust,100,60,0.12,2,20,0.3918255668090653,-0.1743203103027618,-0.9033743158905412
45,48292,1500,5,thrust,100,60,0.15,2,20,0.3668445918638659,-0.5863364634191643,-0.722242754955244
46,48293,1500,6,thrust,100,60,0.18,2,20,-0.404229498939103,-0.26043605027443967,-0.8767961997550464
47,48294,1500,7,thrust,100,60,0.2,2,20,-0.3896135150743135,-0.24542370800479552,-0.8876759050580423
48,45397,2000,0,thrust,100,60,0.01,0,20,-0.24908507133786692,0.5780827130756964,-0.7770308900421217
49,45582,2000,1,thrust,100,60,0.03,0,20,-0.19382580268466912,-0.9728458538115416,0.12650099974046228
50,46074,2000,2,thrust,100,60,0.06,0,20,0.112227174303825,0.6586831263129245,-0.7440037637394121
51,46079,2000,3,thrust,100,60,0.09,0,20,-0.03085155423479453,-0.6686881626967415,0.7429026333716644
52,46355,2000,4,thrust,100,60,0.12,1,20,-0.9699030366260255,0.2434914773531398,0.0
53,48303,2000,5,thrust,100,60,0.15,1,20,0.9430275768470373,-0.3327145763353405,0.0
54,48304,2000,6,thrust,100,60,0.18,1,20,-0.9302451445284694,-0.36693864757096256,0.0
55,48306,2000,7,thrust,100,60,0.2,1,20,-0.9286573709608196,-0.37093865713907265,0.0
56,48311,2000,0,thrust,100,60,0.01,2,20,-0.25379014931068017,-0.6769697808621268,-0.6908708098569127
57,48317,2000,1,thrust,100,60,0.03,2,20,-0.25579749269156177,-0.6761762495906377,-0.690907607587476
58,48321,2000,2,thrust,100,60,0.06,2,20,0.11994392694549386,-0.7396590590267017,-0.6622068640452378
59,48325,2000,3,thrust,100,60,0.09,2,20,0.10354061518345674,-0.7424360086111231,-0.6618671423518586
60,48330,2000,4,thrust,100,60,0.12,0,20,-0.020007021152563018,-0.6674087418484873,0.7444227900923104
61,48331,2000,5,thrust,100,60,0.15,0,20,-0.1153797497640273,0.6393543686088875,-0.7602062251028474
62,48582,2000,6,thrust,100,60,0.18,0,20,0.2565254840954742,-0.5882849215611051,0.7668869063124152
63,48663,2000,7,thrust,100,60,0.2,0,20,-0.17648385729733074,-0.6740682490036959,0.7172764068325035
0,45197,500,0,thrust,300,60,0.01,1,20,-0.4615358826830681,-0.8871215412760312,0.0
1,45693,500,1,thrust,300,60,0.03,1,20,-0.9165416810753193,-0.399939178940533,0.0
2,47377,500,2,thrust,300,60,0.06,1,20,0.7368941323369328,0.676008163950258,-0.0
3,47389,500,3,thrust,300,60,0.09,1,20,0.49179151120341025,0.8707129891693738,-0.0
4,47390,500,4,thrust,300,60,0.12,2,20,-0.028605852342628947,0.6640302089788997,-0.7471583411668443
5,47391,500,5,thrust,300,60,0.15,2,20,-0.6608102953209656,-0.12289126903692106,-0.7404238580653066
6,47650,500,6,thrust,300,60,0.18,2,20,0.7940582594632574,-0.3658238980482421,-0.48543213345942793
7,48287,500,7,thrust,300,60,0.2,2,20,0.010787907103620445,0.13048580619765934,-0.9913914844506537
8,48291,500,0,thrust,300,60,0.01,0,20,-0.0368054797156817,-0.9884659191926358,-0.14690297225569046
9,48687,500,1,thrust,300,60,0.03,0,20,-0.04255089422407165,0.6981726849285628,0.7146637834816968
10,51862,500,2,thrust,300,60,0.06,0,20,-0.2731029727954479,0.3988535778802936,-0.8754031012410096
11,51867,500,3,thrust,300,60,0.09,0,20,-0.08275947833319905,0.3650239404861611,-0.9273124563047627
12,52471,500,4,thrust,300,60,0.12,1,20,-0.9964823306184996,0.08380313099832988,0.0
13,52472,500,5,thrust,300,60,0.15,1,20,0.9907876559266112,0.1354245947509207,-0.0
14,52482,500,6,thrust,300,60,0.18,1,20,-0.9454746998597591,-0.3256955509752911,0.0
15,52484,500,7,thrust,300,60,0.2,1,20,-0.9945860559783696,-0.10391620303586713,0.0
16,45187,1000,0,thrust,300,60,0.01,2,20,-0.7182477708798631,0.07940615232177337,-0.6912414936905618
17,45235,1000,1,thrust,300,60,0.03,2,20,-0.6636379164067051,0.2883115575652534,-0.6902616617498503
18,45377,1000,2,thrust,300,60,0.06,2,20,0.18455398350510324,0.4628254841128879,-0.8670250275672953
19,45387,1000,3,thrust,300,60,0.09,2,20,0.8420083152926445,0.19532826760256525,-0.5028606813556049
20,45399,1000,4,thrust,300,60,0.12,0,20,0.3434321717963451,-0.22697712873783443,0.9113373285480927
21,45531,1000,5,thrust,300,60,0.15,0,20,0.13820316266712454,-0.36465501360737673,-0.9208293038776558
22,45542,1000,6,thrust,300,60,0.18,0,20,-0.2809209480312671,-0.5496682044248092,-0.7867326648879024
23,45564,1000,7,thrust,300,60,0.2,0,20,0.5535288219364703,-0.13370737789175616,-0.8220268732729694
24,45578,1000,0,thrust,300,60,0.01,1,20,0.0025525456313714727,0.9999967422500933,-0.0
25,45660,1000,1,thrust,300,60,0.03,1,20,0.1469809602573026,-0.9891393214920945,0.0
26,45675,1000,2,thrust,300,60,0.06,1,20,0.9196575021070227,0.0,-0.3927213755555859
27,45677,1000,3,thrust,300,60,0.09,1,20,0.4271345040042271,-0.9041880974051045,0.0
28,47356,1000,4,thrust,300,60,0.12,2,20,-0.44187968371541275,0.5069307362294495,-0.7401105145756512
29,47361,1000,5,thrust,300,60,0.15,2,20,-0.25937148345377287,-0.10445348353351369,-0.9601124430756549
30,47362,1000,6,thrust,300,60,0.18,2,20,0.857888270556182,0.23576809753733413,-0.45655352306794134
31,47367,1000,7,thrust,300,60,0.2,2,20,0.579433941907228,0.07843124727273201,-0.8112366155549777
32,45189,1500,0,thrust,300,60,0.01,0,20,0.6764465021325444,-0.48195996733418517,-0.5568974049498496
33,45383,1500,1,thrust,300,60,0.03,0,20,-0.9827721146119814,0.07012027062733903,0.17100327010979377
34,45408,1500,2,thrust,300,60,0.06,0,20,0.9310744593032705,-0.10286358511821032,0.350027761884327
35,45686,1500,3,thrust,300,60,0.09,0,20,0.5903110355421946,-0.5763993002842184,-0.5650634724957591
36,45696,1500,4,thrust,300,60,0.12,1,20,-0.913868283719399,-0.40601078804849505,0.0
37,46077,1500,5,thrust,300,60,0.15,1,20,0.29495594640404943,-0.9555108527279486,0.0
38,47371,1500,6,thrust,300,60,0.18,1,20,0.8927562840277838,0.45053991757546075,-0.0
39,47373,1500,7,thrust,300,60,0.2,1,20,0.4139446474381868,-0.9103020536378434,0.0
40,47397,1500,0,thrust,300,60,0.01,2,20,-0.1526276827767657,0.19417314440373615,-0.9690209391146102
41,47630,1500,1,thrust,300,60,0.03,2,20,-0.08323937190834303,-0.08299403076996983,-0.9930675696149067
42,47655,1500,2,thrust,300,60,0.06,2,20,-0.34223640630644964,-0.17968666023058513,-0.922272707139068
43,48143,1500,3,thrust,300,60,0.09,2,20,0.06233140198869898,-0.9715865925241788,0.22832934448593906
44,48276,1500,4,thrust,300,60,0.12,0,20,0.7802481111495244,-0.27444201658940204,0.5620448955180909
45,48292,1500,5,thrust,300,60,0.15,0,20,-0.4975056998015632,0.4155294410399185,-0.7614613334201611
46,48293,1500,6,thrust,300,60,0.18,0,20,-0.9263979808235467,-0.32704521388750535,0.1866231743362314
47,48294,1500,7,thrust,300,60,0.2,0,20,-0.9347677295032941,-0.32003913903424364,0.1542214037203542
48,45397,2000,0,thrust,300,60,0.01,1,20,0.9748505192298155,0.0,-0.22285974324080882
49,45582,2000,1,thrust,300,60,0.03,1,20,-0.999989585351782,-0.004563900521604734,0.0
50,46074,2000,2,thrust,300,60,0.06,1,20,0.6585349740641465,-0.7525501232039854,0.0
51,46079,2000,3,thrust,300,60,0.09,1,20,-0.728282734550164,0.6852767751471921,0.0
52,46355,2000,4,thrust,300,60,0.12,2,20,-0.008692344979216537,0.29813505215941694,-0.9544841192040149
53,48303,2000,5,thrust,300,60,0.15,2,20,-0.42599875124378866,-0.5046714166121627,-0.750887358525502
54,48304,2000,6,thrust,300,60,0.18,2,20,-0.08584583702915537,-0.9247194209242848,-0.37084293822347336
55,48306,2000,7,thrust,300,60,0.2,2,20,-0.08873710317381531,-0.9265780117667568,-0.3654844930098719
56,48311,2000,0,thrust,300,60,0.01,0,20,0.5093015965240568,0.5700146646504431,-0.6447442639229058
57,48317,2000,1,thrust,300,60,0.03,0,20,0.5065517088068721,0.5725995933248217,-0.6446200989955919
58,48321,2000,2,thrust,300,60,0.06,0,20,-0.1672578218062142,-0.45144534183981205,0.8764827005570481
59,48325,2000,3,thrust,300,60,0.09,0,20,-0.21155238205636237,-0.4581550645539435,0.8633304850808007
60,48330,2000,4,thrust,300,60,0.12,1,20,-0.7357712385759566,0.6772301562130874,0.0
61,48331,2000,5,thrust,300,60,0.15,1,20,0.975536417536965,-0.21983789040823762,0.0
62,48582,2000,6,thrust,300,60,0.18,1,20,-0.95663284706189,0.0,0.2912964056116425
63,48663,2000,7,thrust,300,60,0.2,1,20,-0.4974489049187096,0.8674932777809731,0.0
0,45197,500,0,thrust,500,60,0.01,2,20,0.415626740739807,-0.6310336845700943,-0.6550197717015082
1,45693,500,1,thrust,500,60,0.03,2,20,0.013691908107258803,-0.052955985549426716,-0.998502977084631
2,47377,500,2,thrust,500,60,0.06,2,20,-0.007295376469918665,0.01663089153432263,-0.9998350818654723
3,47389,500,3,thrust,500,60,0.09,2,20,0.3336908520054056,-0.725342089361307,-0.6021040347721315
4,47390,500,4,thrust,500,60,0.12,0,20,-0.10572000970970241,0.9560316867257337,0.2735446828642973
5,47391,500,5,thrust,500,60,0.15,0,20,0.8158619510401511,-0.36080503429549865,-0.45187277420971267
6,47650,500,6,thrust,500,60,0.18,0,20,0.2748194500926499,-0.49464110717344145,0.8245025439287653
7,48287,500,7,thrust,500,60,0.2,0,20,0.04804367149505895,-0.9966700082898444,0.0658839905044928
8,48291,500,0,thrust,500,60,0.01,1,20,-0.9966216512164462,-0.08212967993730609,0.0
9,48687,500,1,thrust,500,60,0.03,1,20,0.9921986105379257,0.12466722603238498,-0.0
10,51862,500,2,thrust,500,60,0.06,1,20,0.9843277799564866,0.1763485798239795,-0.0
11,51867,500,3,thrust,500,60,0.09,1,20,0.9999779368981132,0.006642719096355539,-0.0
12,52471,500,4,thrust,500,60,0.12,2,20,0.001967873731923113,-0.040190335547180586,-0.9991901042352153
13,52472,500,5,thrust,500,60,0.15,2,20,0.033292120305784004,-0.18903376957205248,-0.9814060671745031
14,52482,500,6,thrust,500,60,0.18,2,20,0.004552510921296847,-0.019415247590946826,-0.9998011416303213
15,52484,500,7,thrust,500,60,0.2,2,20,0.02764159354669052,-0.16851687209809726,-0.9853111214862406
16,45187,1000,0,thrust,500,60,0.01,0,20,0.6192526900178582,0.3395729334463154,-0.7079663330811083
17,45235,1000,1,thrust,500,60,0.03,0,20,-0.6045131182282477,-0.24860534763473144,0.756808609238409
18,45377,1000,2,thrust,500,60,0.06,0,20,-0.06300138495708052,-0.9898456655658081,-0.12742206972919634
19,45387,1000,3,thrust,500,60,0.09,0,20,0.3961073266052402,0.45161400385103295,0.7994646817310249
20,45399,1000,4,thrust,500,60,0.12,1,20,-0.93687859749222,0.0,0.34965482058883557
21,45531,1000,5,thrust,500,60,0.15,1,20,0.9845126918172964,-0.0,0.17531331852047397
22,45542,1000,6,thrust,500,60,0.18,1,20,0.9793806075883262,0.0,-0.20202382404043562
23,45564,1000,7,thrust,500,60,0.2,1,20,0.48188176740709737,-0.8762362479609093,0.0
24,45578,1000,0,thrust,500,60,0.01,2,20,0.5198315469393756,-0.563705274736117,-0.6418812398265699
25,45660,1000,1,thrust,500,60,0.03,2,20,0.6078033633038528,-0.0893284868616371,-0.7890472058068104
26,45675,1000,2,thrust,500,60,0.06,2,20,0.16723746394303832,-0.8494383409891934,-0.5004858994131881
27,45677,1000,3,thrust,500,60,0.09,2,20,0.8357795915841593,0.18333270855832956,-0.5175534680243989
28,47356,1000,4,thrust,500,60,0.12,0,20,-0.5568677043341772,-0.05553367853672785,0.8287426442616324
29,47361,1000,5,thrust,500,60,0.15,0,20,-0.9768248407184423,0.13226552517097348,-0.16828268302661617
30,47362,1000,6,thrust,500,60,0.18,0,20,-0.28335001140224236,0.07299010438661387,-0.956234916586913
31,47367,1000,7,thrust,500,60,0.2,0,20,0.6306703183856112,-0.10720652943029096,0.7686102455438023
32,45189,1500,0,thrust,500,60,0.01,1,20,-0.1002483396066903,-0.9949624467315848,0.0
33,45383,1500,1,thrust,500,60,0.03,1,20,0.6254260277346299,0.7802834637694701,-0.0
34,45408,1500,2,thrust,500,60,0.06,1,20,-0.42422827260180107,-0.905555284190475,0.0
35,45686,1500,3,thrust,500,60,0.09,1,20,-0.21974706105285546,-0.9755568815597748,0.0
36,45696,1500,4,thrust,500,60,0.12,2,20,-0.5315437418649472,0.5083806174808218,-0.6775030614351709
37,46077,1500,5,thrust,500,60,0.15,2,20,0.618391366255338,0.1192638283862286,-0.7767678272041889
38,47371,1500,6,thrust,500,60,0.18,2,20,0.09406127909227743,-0.14845504623427155,-0.9844356632218811
39,47373,1500,7,thrust,500,60,0.2,2,20,0.14775384405147496,0.057974428241507045,-0.9873235372653095
40,47397,1500,0,thrust,500,60,0.01,0,20,0.7090077378320092,-0.6912050992228329,-0.13979820636435367
41,47630,1500,1,thrust,500,60,0.03,0,20,0.6346080339253121,0.7721534991928835,-0.0324286441535228
42,47655,1500,2,thrust,500,60,0.06,0,20,0.9130742795185504,0.3742734212623032,-0.16190974713799824
43,48143,1500,3,thrust,500,60,0.09,0,20,0.10907548244899855,-0.9940252282217935,-0.004047812635188485
44,48276,1500,4,thrust,500,60,0.12,1,20,-0.23271885875671142,-0.9725440518449402,0.0
45,48292,1500,5,thrust,500,60,0.15,1,20,-0.14219444107184606,0.9898387449116475,0.0
46,48293,1500,6,thrust,500,60,0.18,1,20,-0.012647583300070746,0.9999200161196232,0.0
47,48294,1500,7,thrust,500,60,0.2,1,20,-0.007075525092653401,0.9999749681590351,0.0
48,45397,2000,0,thrust,500,60,0.01,2,20,-0.034861351100570946,0.2023932361006912,-0.9786836384553144
49,45582,2000,1,thrust,500,60,0.03,2,20,0.029842130986956077,-0.9963483976770582,-0.07999573528954942
50,46074,2000,2,thrust,500,60,0.06,2,20,0.16274160633317114,-0.09802602666401816,-0.9817871804340106
51,46079,2000,3,thrust,500,60,0.09,2,20,0.17804746021617973,-0.13554523633240334,-0.9746417756376755
52,46355,2000,4,thrust,500,60,0.12,0,20,0.410719417456348,0.31506329735247224,-0.8555960955881612
53,48303,2000,5,thrust,500,60,0.15,0,20,0.9668517265627138,0.07404207722813896,-0.24436757076674778
54,48304,2000,6,thrust,500,60,0.18,0,20,-0.2444712677831566,0.9633683986564402,0.1102502956849661
55,48306,2000,7,thrust,500,60,0.2,0,20,-0.22694436873973217,0.9674433742278429,0.1120248684889656
56,48311,2000,0,thrust,500,60,0.01,1,20,0.06461531408548428,-0.9979102470591402,0.0
57,48317,2000,1,thrust,500,60,0.03,1,20,0.09000925277950514,-0.995940929179073,0.0
58,48321,2000,2,thrust,500,60,0.06,1,20,0.7970666067731946,0.6038914011368811,-0.0
59,48325,2000,3,thrust,500,60,0.09,1,20,0.7704770172386474,0.6374677763675879,-0.0
60,48330,2000,4,thrust,500,60,0.12,2,20,0.17309797048115877,-0.14028178357826493,-0.9748631256804232
61,48331,2000,5,thrust,500,60,0.15,2,20,-0.008114560407729694,0.01208922166308648,-0.9998939966961347
62,48582,2000,6,thrust,500,60,0.18,2,20,0.044404765118483784,0.6042345913712617,-0.7955682091594516
63,48663,2000,7,thrust,500,60,0.2,2,20,0.3182189247229185,-0.1740835118968356,-0.9318968005277483
