target,name,norad,range_bin_km,epoch_offset_s,range_min_km,range_max_km,los_rate_deg_s,radial_rate_m_s,inclination_deg,x0,x1,x2,x3,x4,x5,o0,o1,o2,o3,o4,o5
0,STARLINK-1269,45197,500,15963.8270815857,392.27993825806124,1282.1369071538807,0.193511212802966,-1391.099709619995,53.1544,-4198853.907471874,-2377516.540901779,-4827985.949689771,5680.20465970614,-4230.687270703005,-2857.3048249929207,-4544379.934282916,-2738857.962708255,-4821342.009305768,5766.083222276588,-2410.15282986942,-4067.742140242101
1,STARLINK-1417,45693,500,13927.510370207634,295.8070262756809,995.739207770889,0.12258673801826168,-1575.5688833571007,53.052,-2255834.989288171,3601793.2244220013,5404235.884074473,-7016.522161517911,-2754.9033984220728,-1087.1684999006238,-2366303.0042735296,3403976.596309529,5849954.85309141,-7035.052594674202,-1182.4262212187982,-2161.3191692734863
2,STARLINK-2097,47377,500,4927.938861418855,321.46789051493505,833.2309510081406,0.10911347835308546,-1262.9808952644046,53.1611,2643404.3911695094,-3481411.4434940256,-5279363.935377399,6913.598996820297,2745.8028537183436,1652.1764417445468,2861384.089945161,-3299267.8539265282,-5690835.153974982,6834.69290345804,1466.3010579402735,2578.699255586918
3,STARLINK-2110,47389,500,18990.915925650395,354.1520315055685,1234.3369714050245,0.17264099405550626,-1588.6669032955588,53.1572,4274720.288352449,2314737.3457048833,4796342.9416590445,-5609.843823877549,4284.123296394514,2927.3479407865543,4534353.340945759,2739933.534909798,4838756.131658658,-5777.556634867475,2407.181600332393,4042.0670636724412
4,STARLINK-2111,47390,500,16997.661533305585,393.83908160780754,927.0094182365106,0.13802107037229117,-1004.2122690508015,53.1586,2729829.70361592,-3460934.6047964324,-5248901.883546279,6883.290624484945,2749.8243129758607,1767.7610983991497,2713350.5339798946,-3346609.579319509,-5735377.191776604,6899.040292906132,1347.6838791709733,2469.845760194735
5,STARLINK-2112,47391,500,2554.8493171008117,323.1848456110308,499.999999994176,0.04977166735405802,-675.7741331302394,53.0662,-6090279.734690732,1971067.5844655281,2569264.823013107,-3577.7387241902165,-4016.6253946428023,-5376.6002518046,-6335441.081160421,1687239.3967663834,2899926.998138664,-3490.9023709488806,-3291.822120751342,-5711.923000978733
6,STARLINK-2033,47650,500,3871.810915861678,392.5692432180239,1206.2073686180006,0.1796246644384653,-1321.975287801095,53.16,-4306190.605627065,-2344387.4049969097,-4681521.886645991,5638.411339352192,-4165.641429321288,-3096.1981077214537,-4548925.872544695,-2764467.5119397137,-4802403.208361297,5762.607132141777,-2377.394841833634,-4091.934016493416
7,STARLINK-2566,48287,500,19967.554073212938,476.8755177775133,1737.04946207162,0.29860702944345885,-828.9598937633474,53.1615,-2532592.0592596196,3334509.4393270174,5409721.309312673,-6686.060096761073,-3566.453208505308,-929.5197008203758,-2326880.6020258656,3417685.6447783094,5857788.843518417,-7048.953543845407,-1140.5938773038845,-2138.2713729296916
8,STARLINK-2555,48291,500,1810.5061399091912,438.1744645285911,1671.083086513272,0.2749642706709098,-1338.3287685405128,53.1617,-2348897.7088688803,3420536.866423854,5439026.240611257,-6734.057588118514,-3530.5189802798404,-686.1070766859868,-2184441.5547087733,3419862.4496313413,5911205.992770577,-7098.416304627819,-1130.5066637629816,-1972.9575597944227
9,STARLINK-2627,48687,500,4935.278916456201,401.0340113295648,880.5118107087122,0.13108864586557847,-912.5005222136016,53.1598,2922971.0314546344,-3400072.0865503917,-5184505.806726579,6797.308375784147,2811.1928278725345,1989.9099063700721,2911467.622709623,-3288409.5210365932,-5671742.0359316645,6811.877940936004,1492.3363032086381,2623.721063760287
10,STARLINK-3508,51862,500,6988.763681157685,345.06143494623353,1523.722814835401,0.20843828966169406,-1982.3283955465713,53.161,3764722.068999946,2528969.2501905104,5111832.835088946,-5882.370646410297,4364.957211577582,2167.318288031747,4001086.9882755103,2966498.4604369774,5163792.580208379,-6187.829563158741,2096.6667953054275,3581.468582771335
11,STARLINK-3590,51867,500,958.9389236521299,348.6314956083314,1500.7979470078817,0.20859891023229202,-1942.509670024882,53.1621,3768411.2453070763,2543322.216211222,5098044.447070672,-5903.276088718498,4322.1444914582335,2201.808017347601,3902781.470962928,3011034.2922282172,5212892.41784571,-6255.161780752808,2026.9201695913353,3503.809753680323
12,STARLINK-3862,52471,500,7884.135103853351,475.0937302711725,1659.8202687599999,0.28413543695354304,-821.8317214273167,53.1613,-2581013.9478476816,3319208.0704155155,5396639.787770575,-6688.341539050736,-3536.336176855039,-1021.1263941544285,-2382213.5331061166,3394014.4343267283,5849279.161911342,-7029.4271308761545,-1211.9635450799242,-2163.2845847453195
13,STARLINK-3881,52472,500,16892.209629633748,352.9629007281185,1727.0860482891192,0.24035223457913607,-2158.6318671662693,53.1614,2017537.2546809479,-3583888.142306011,-5476653.991154424,6774.83361800565,3486.5843608201913,214.4208532761789,1971055.742808357,-3468425.4893737496,-5960914.091529579,7165.263335089713,960.3742171919934,1803.412480654904
14,STARLINK-3813,52482,500,13925.233708951797,338.84125347890773,1102.3286407347964,0.149446984000377,-1516.6740876907766,53.163,-2246918.0535565866,3555077.7731389273,5388717.227702245,-7011.097415518764,-2843.163964747667,-1044.9210907677195,-2350279.975687639,3406659.066540594,5854859.0523126535,-7040.841266080739,-1174.0675149588092,-2146.9167970638746
15,STARLINK-3887,52484,500,1791.0600994985346,384.02400479387904,1783.4849354534035,0.26572962031745084,-1976.7487009880363,53.1616,-2121295.570986683,3513292.218259425,5459361.50201671,-6716.91901136399,-3631.4816721956677,-272.30131754664956,-2045969.6199216794,3441147.814320755,5948361.692277632,-7142.757952683279,-1058.592057311204,-1848.3294151207356
16,STARLINK-1225,45187,1000,953.543163879608,867.6799901772363,1319.0263518743282,0.1200684237933612,-1116.3283937910273,53.1542,4390584.142231631,2260987.864107187,4696342.510481097,-5532.6820530262785,4272.670601345911,3106.505748838357,3936471.45033108,3000050.362900991,5193904.854244817,-6232.381266833264,2044.3881091296305,3534.1292257532127
17,STARLINK-1246,45235,1000,9933.706714002376,759.6342786021685,1184.7029709472788,0.10587953340801608,-1474.761869995742,53.154,-4760753.791407055,-1913664.3103141831,-4502587.362216493,5088.213561542644,-4522.341149104963,-3461.0579402863887,-4454482.393438592,-2789293.646629497,-4876045.654628232,5841.602775632635,-2346.2181853171337,-3996.522469459722
18,STARLINK-1305,45377,1000,7681.790576078482,738.9891922489664,1886.406011781255,0.14211553010445055,-2314.1055495681317,53.0333,-1380226.4813628818,3824684.353855556,5307690.943537343,-6881.963499757578,-3434.2952303467796,685.6022507849638,-917912.48621635,3562832.513835562,6154862.345187106,-7390.611243769637,-450.6127498668089,-846.1631379421138
19,STARLINK-1274,45387,1000,16704.492738377197,900.0862037950378,1102.5704614430547,0.06830002127095243,-570.5566696527949,53.015,1047237.4423627361,-3917193.329611328,-5356563.71421603,7532.195267722724,1544.0960896289773,347.53039045058716,597228.8375993561,-3581972.761437858,-6184283.127008165,7425.650700213426,245.55840609269183,568.8688040746397
20,STARLINK-1255,45399,1000,16593.003752818982,822.3436493315479,999.9999999996802,0.03696964618665111,-492.42800763959013,53.032500000000006,21780.368437435165,-4065849.2955953754,-5366884.792410923,7656.643184701111,567.878435649762,-396.74000163586703,-232796.39983545284,-3585341.419000697,-6206112.32388589,7447.55209820834,-185.20946936401876,-177.73733109299195
21,STARLINK-1329,45531,1000,18989.083999431732,573.0805303620103,1323.0709192566967,0.08847107599523477,-2347.393332805445,53.0365,4468808.232849153,1755219.346483787,4649082.973781726,-5101.808869522538,4944.787029063016,3032.8694592373145,4544929.194955046,2735518.805357732,4831342.5977369,-5768.597102830145,2412.5848346086213,4051.634150193013
22,STARLINK-1371,45542,1000,6146.043058752822,651.4119031177623,1000.0000000044383,0.05429651691696066,-927.3352490116047,53.0411,6705519.317112262,-372227.79356066504,122887.86400841382,138.7062383292138,4632.127954512601,6158.735615664221,7139077.036689553,351834.6728643771,659321.6889284131,-776.3833026875647,3708.0387849406693,6416.935532371788
23,STARLINK-1356,45564,1000,6954.368347123283,847.4156864309253,1215.909490730772,0.10865003267897515,-1125.234709334483,53.0407,4553529.968750537,2153112.675119786,4457515.726207357,-5396.057690014064,4288.174005550186,3432.8911419631795,4211325.160163947,2892508.265702262,5037334.6893924875,-6035.678020530357,2205.2166929191203,3770.95112690662
24,STARLINK-1331,45578,1000,816.5405421549715,581.3390499711908,1588.7346516171542,0.10040308894562391,-2616.7124044605275,53.0435,4161261.417775604,1917857.4661615316,4901475.374766471,-5265.77953053196,5048.465228634024,2492.738474439807,4747719.903835126,2690628.2860289216,4658799.246763585,-5590.439615107893,2465.0439334240405,4264.318368430832
25,STARLINK-1443,45660,1000,14151.820767343175,788.0100152668016,999.9999999702611,0.08034981439891925,-910.5667818201105,53.1316,-2941475.422966998,3418830.4839847926,5120120.956738234,-6830.5767004106065,-2703.0544528849523,-2113.5033762823705,-3866185.6259570946,3049193.917537093,5211114.633283872,-6277.540895225585,-1966.7171539327608,-3509.113972627969
26,STARLINK-1458,45675,1000,862.3155845788709,453.5769898769163,1603.6378104356388,0.08062502439839622,-3065.1319301368617,53.042,4130881.7937529674,1872472.1407547803,4960326.326007252,-5183.382879303841,5188.115850401219,2355.5601047379746,4486555.3921159245,2800386.739900398,4848653.642800117,-5818.191267528454,2329.615153947722,4029.226512986417
27,STARLINK-1392,45677,1000,8570.198624380266,773.5476801972433,999.9999999900214,0.06868090001119619,-714.8193797182436,53.1512,-5421718.079340605,2275422.922064309,3422298.777026407,-4620.059840125326,-3823.166160047124,-4762.446151863427,-6226543.7933959905,1804934.5949067432,3060502.8345619333,-3696.6599146789918,-3223.7633599576934,-5620.30166908786
28,STARLINK-2049,47356,1000,3753.819883695434,627.875246628695,999.9999999364661,0.07950383447757171,-1577.7862994828708,53.1604,-5338439.747519437,-1509431.5048372333,-4024183.4798479863,4428.184852619292,-4616.297989579015,-4147.131489927782,-5192996.261837543,-2463897.732244196,-4284645.402372476,5140.916226319592,-2711.043983976704,-4673.320373594303
29,STARLINK-2071,47361,1000,488.05528368185,582.4572048347032,1000.0000000000188,0.05791397275929943,-1473.1302961204276,53.1613,5766871.824188435,1053004.9220749752,3533229.861477834,-3735.280031384266,4750.230633766863,4665.31007547239,6275304.885416246,1741562.0234480188,3016137.084116453,-3619.738197214906,3257.3930510878536,5639.935303054417
30,STARLINK-2076,47362,1000,5749.065380479364,909.7924970812846,999.9999999997757,0.07757266079206247,-457.4255935181067,53.1578,6168742.520690657,-1468586.9017331577,-2519293.2134861895,3235.726522000158,4297.292255629987,5429.109355754719,6840173.3301314805,-1108302.16833564,-1871701.0740852607,2260.765359384613,3543.699959967317,6152.869172909309
31,STARLINK-2082,47367,1000,20364.565702891847,868.4087313252189,1000.0000000011236,0.0852923814513899,-686.7337725034754,53.1611,-3928008.391479301,3035062.9844275555,4709396.615398964,-6201.944963241816,-3183.334123617463,-3112.557015272404,-4851681.669929897,2691101.415379593,4540523.545619803,-5488.727223317015,-2468.0950484230143,-4403.82951013898
32,STARLINK-1230,45189,1500,18938.84772382665,1152.9889474614488,1499.9999998340513,0.08024836894499625,-1402.0528779199983,53.1543,5341465.113191899,1337323.8281439226,4016827.461728993,-4315.321233173424,4773.454743844258,4137.122488140179,4828413.291595175,2610656.352528902,4621312.457574062,-5514.871912040503,2557.299255303345,4308.1637643115
33,STARLINK-1266,45383,1500,4694.037669228801,756.1947073378456,1996.4937197874087,0.08752752092557832,-3840.3776308924134,53.0415,693752.9971881895,-4430472.811844381,-5020771.645712838,6478.2306356523095,3508.384828228555,-2204.33016385118,1194520.4749021232,-3542174.3892661915,-6120843.3914428335,7347.978085037102,600.503160451666,1080.0383315364359
34,STARLINK-1278,45408,1500,7958.175900204717,1358.9436712691236,1995.1516501420115,0.12172824862425376,-1357.7140934209672,53.0336,-1504076.5681650105,3741062.0919230776,5332210.815411479,-6983.119570046488,-3278.113670549097,331.0072283137086,-2895127.850546833,3294341.63425901,5671941.830309764,-6818.645704607173,-1479.100368987252,-2624.635527985577
35,STARLINK-1404,45686,1500,18889.625410575107,1062.2680031778582,1499.9999999927252,0.0737814977869485,-1545.9265392244288,53.1543,5471659.469413501,1143321.435859977,3840781.5931851454,-4063.478437810109,4851.704499993284,4332.814877184813,5093448.620474267,2481427.8930073534,4403300.626697199,-5251.689521254844,2692.369210688882,4548.161123504823
36,STARLINK-1422,45696,1500,18531.419985023873,1032.8134411731435,1499.9999999998906,0.06067023021999122,-1010.1116190987074,53.1538,6595932.478534766,107962.30689366077,1698261.5868137428,-1581.6165988733571,4712.375827096577,5819.965910230489,6583354.5128431935,1369450.4837672561,2509735.1688771797,-2970.5677147111373,3444.609836406538,5902.080968120922
37,STARLINK-1559,46077,1500,20183.934597235166,1204.8357088085984,1500.000000036483,0.07051770528328835,-894.0798069676392,53.020500000000006,-2379279.8455202756,3621442.2031468484,5243292.92648355,-7108.346917916966,-2351.4970568708254,-1598.2209129236658,-3780827.6702010683,3087027.750155812,5251348.21519833,-6333.108162955235,-1902.930545687785,-3443.6039502765957
38,STARLINK-2088,47371,1500,44.80185134003999,1500.0000000767936,1847.577137839625,0.022568092942594896,969.7321306421825,53.1612,6665473.764201486,1570820.102120232,134094.7059271895,-1172.9249634936684,4423.496811553687,6107.520215815773,7170364.623263131,166867.6664984372,289023.0092742697,-346.9037780122494,3721.8813107227975,6446.469637586278
39,STARLINK-2092,47373,1500,1717.680456547127,945.318900771344,1499.9999999999397,0.053593613684411026,-953.8562153028503,53.1605,-276255.2567879233,4103105.857770145,5467576.596060019,-7574.258956817087,-904.4999168103348,295.4051097241126,-1516409.1876299141,3508770.958270109,6066562.618478957,-7283.697017084575,-783.6331733927161,-1371.7581128951713
40,STARLINK-2119,47397,1500,3116.379226796882,1500.000000000095,1973.0359198541262,0.05137558734314187,841.0927133126572,53.1566,-6530226.551396867,-1567981.8155366415,-1218749.2043738188,2134.086216704631,-4276.942764252354,-5966.2312058984735,-7134964.471368596,-337709.4783391169,-609879.7401410555,725.4540617007507,-3714.123665196729,-6430.4275475954455
41,STARLINK-1983,47630,1500,20124.719933664877,1101.1182791306207,1499.9999999891788,0.04450462799284958,-341.28904194002763,53.1591,-2211261.8260468473,4028184.8950436404,5066602.382454281,-7202.939459624959,-1043.954312886691,-2306.7244812115814,-3398900.1543459008,3193799.2566815675,5445173.125668389,-6562.573594578185,-1702.1948790438694,-3100.8613706046917
42,STARLINK-2039,47655,1500,13601.606366856813,796.313989448043,1499.9999999980294,0.04519377048131929,-1073.9929648411078,53.1603,1024078.2550387203,4210840.406001158,5286835.580554775,-7473.1077267033625,-150.64811326550725,1566.1093340256741,17111.245289905055,3589054.8002414373,6208464.628350923,-7451.586716379697,57.27413998847418,-18.08057312625131
43,STARLINK-2486,48143,1500,19658.006549793183,439.6193878390171,1599.386293483134,0.04058226304847053,-3871.9673546180456,53.153200000000005,-455814.66790042544,4498005.742728267,5080360.734657676,-6625.410863724682,-3151.5660828480086,2191.137723716287,-63134.727693688954,3589757.1084016813,6207696.923557028,-7451.073940188774,38.21251307475979,-103.31328064940243
44,STARLINK-2567,48276,1500,4291.181076333333,1500.0000000060625,1844.5024360744117,0.04831612632477203,658.9050206865138,53.1616,-522945.887392156,-4084719.4581546076,-5479341.749748291,7589.545754797001,-623.1096215757076,-259.89847419836684,-1783048.3109913357,-3472020.3317255024,-6014824.394220241,7218.2902174829,-943.9355626871775,-1599.0778293978196
45,STARLINK-2542,48292,1500,1294.9577311540843,651.8069886906563,1499.9999999876682,0.03187669986060751,-1786.5574733134154,53.161,1095860.3839127645,4486511.992303953,5047664.755257291,-7203.513809939615,-904.4293242765256,2361.942101604857,1608379.4195147292,3497183.673418774,6051932.5061885165,-7262.516004888104,837.352610765567,1439.4766860063753
46,STARLINK-2550,48293,1500,16726.740250304374,934.2176651039289,1499.9999999987065,0.06780359244225323,-1821.2892479034465,53.1599,-207621.8703345701,-4329850.313923688,-5309526.184920684,7308.401998804959,1521.9805062443763,-1527.781219706704,762257.26336754,-3575555.644455678,-6169976.077487073,7409.3652028127135,331.29960832663994,717.2440153982776
47,STARLINK-2533,48294,1500,4652.787160074102,959.4352869835225,1499.999999989752,0.07011083876697487,-1809.6107094908307,53.1602,-99534.41041251813,-4317710.547635054,-5322225.088396811,7293.567924589993,1644.6007625480179,-1471.3747288805396,890411.0137698152,-3563693.260565361,-6159760.752061216,7394.289905350573,442.66299231833625,806.5503246076867
48,STARLINK-1307,45397,2000,19600.88149389414,458.726621578185,1999.9999999964157,0.023810720753968676,-4350.13808383525,53.0503,-135164.48115178835,4828293.765554709,4720302.410881152,-6376.327952131602,-3092.139352709358,2972.104702156763,362369.9254802607,3581269.187241606,6202661.751690925,-7441.866652264816,258.866317271995,279.54058472288665
49,STARLINK-1337,45582,2000,770.8008792740735,609.2366843225689,1999.9999999999338,0.038079313053712406,-4314.846807396122,53.0387,4529794.962704531,672133.8446423712,4858972.937943766,-3668.2141753749593,6307.73640194278,2548.010435100931,4997978.363943537,2574888.24185184,4458560.6420485955,-5350.233033696515,2594.8253538315516,4489.615349544178
50,STARLINK-1549,46074,2000,19666.95725582795,537.521356882153,1999.999999999513,0.03630925944329643,-4374.699990004431,53.0478,-67376.84919463063,4929270.09431064,4722486.6058346415,-6323.0551057729235,-3018.5508521155834,3052.378496481839,-129823.4171921063,3589944.2579839565,6206503.6981523875,-7450.143842175993,3.6049117549278478,-163.3065061856112
51,STARLINK-1566,46079,2000,10597.152346042636,457.8792072486581,1999.9999999964614,0.031202452997974313,-4564.729585655995,53.15970000000001,216907.20211516344,-4946194.932220144,-4739809.692296344,6193.0284740738,3211.0464418593756,-3069.8219199985892,138087.75336053665,-3589254.165409185,-6206949.511758125,7450.301651425755,29.741014677512545,142.90430021408488
52,STARLINK-1661,46355,2000,787.9993666636939,485.93185235010134,2000.0000000003379,0.034613779614133235,-4917.4281703633305,53.1526,4357724.949586291,798949.273896919,5157429.1175261745,-3503.9016988413205,6526.116809587613,1946.6020221226775,4905170.848321574,2619102.602786791,4535058.771758972,-5442.000340259297,2546.695362308732,4406.06205942943
53,STARLINK-2530,48303,2000,13520.023385828054,617.598989336809,2000.0000000076914,0.03433552549513175,-3171.9444528150952,53.1598,943076.0150764413,4876736.870769691,4706160.823920615,-6755.020157437968,-1711.5204635920197,3118.5423568691817,624246.6264740914,3571532.3128683055,6187642.812683106,-7423.395840427649,372.0244220017019,528.2075003817391
54,STARLINK-2524,48304,2000,10527.504841185513,340.47117043139616,2000.0000000131656,0.01717745422449685,-4342.789180726508,53.1596,122198.50798768767,-4904061.394153289,-4786748.654530247,6311.943633548389,3061.9315932171676,-2978.242860423069,-380716.0114962134,-3581952.027697119,-6200645.330130626,7441.197017694937,-239.34470066861917,-323.8677608799431
55,STARLINK-2523,48306,2000,16570.742764326507,343.34179349882754,2000.0000000027549,0.017413606612019635,-4343.829518855127,53.1589,107846.44794400505,-4902950.822433632,-4788370.204657989,6322.906966445554,3041.9914396467393,-2975.2192482310224,-398509.39773869177,-3580262.034975315,-6200495.598908098,7439.983219661693,-271.1194364847117,-326.86637914774315
56,STARLINK-2534,48311,2000,7485.702362193684,642.149243840219,1999.9999999987535,0.036172722306310745,-3199.1646656200874,53.1604,880008.9926378449,4880723.586741447,4714110.331072726,-6741.496621237095,-1790.24698217933,3103.779730583636,540260.2845265584,3577056.0382418637,6192292.234060586,-7430.6414773193665,305.9861075473766,465.6238008286361
57,STARLINK-2513,48317,2000,1438.1903413668,645.4230664981643,2000.0000000000161,0.03609293790412981,-3156.708347176505,53.16,898856.2648971635,4879446.077840492,4711336.967983468,-6745.863491523149,-1766.5299609892224,3108.897088611715,554243.5347843731,3578122.0546516227,6190457.602994625,-7429.596144631022,290.72289325997,491.2018053799476
58,STARLINK-2457,48321,2000,10571.983793436606,341.3650795452957,2000.0000000025243,0.020254502987877076,-4589.510856886921,53.1603,240358.47625439943,-4931319.432683152,-4754602.807756116,6195.321384424014,3232.268568683792,-3041.878678896277,-49451.33595595171,-3588778.3513940745,-6208423.194808056,7451.50300664724,-67.54984812230799,-25.8072250615252
59,STARLINK-2495,48325,2000,4533.212877725665,352.2948057242246,1999.999999992188,0.02151499495204904,-4608.469604895594,53.1598,271300.2653359337,-4932504.622791867,-4751582.517393341,6171.414066557874,3272.6464305297204,-3047.5685633528497,1665.2690254068002,-3589088.531205662,-6208473.101342808,7451.798308953504,-18.460323223808338,7.140613980003039
60,STARLINK-2501,48330,2000,16640.70302481725,444.78042620260493,2000.0000000048399,0.030211890261979096,-4594.410789269527,53.1592,218291.94154351548,-4945824.472946232,-4740000.42707887,6192.566623348371,3212.526655130324,-3069.3509288796167,122586.52204420578,-3589780.1231109397,-6206964.705436595,7450.383737181451,-0.8674993583336033,141.99971308305282
61,STARLINK-2514,48331,2000,7533.257676865534,357.36072283122314,1999.9999999908873,0.019261897397329045,-4413.0930508097745,53.1569,-108761.16338782564,4909746.321810377,4735852.433176014,-6303.614176329548,-3080.745833693354,3037.608075691406,186379.4588425397,3587246.4467039728,6206867.760566101,-7449.251923603115,122.495325249589,147.2399386684632
62,STARLINK-2236,48582,2000,4425.391523919365,506.5814170708535,1999.9999999977474,0.021935030609721903,-3734.1750488978614,53.0512,-303297.2090067868,-4823234.918664732,-4697514.496838303,6615.333090489931,2510.4808104611375,-3002.1703905470135,-800132.320320419,-3564654.9633885794,-6170311.620794633,7405.381325093716,-434.3079275977087,-714.2963431633547
63,STARLINK-2667,48663,2000,10654.158450434217,644.3030136256355,1999.9999999995216,0.049021436503028516,-4747.604875472473,53.1604,432257.6149978079,-4943136.503343694,-4729005.958102413,6033.147829984998,3482.177113412761,-3091.1225704072735,562311.1823708572,-3581280.889980103,-6187921.774029332,7428.796496151775,249.90820566707777,524.463212732439
