target,norad,range_bin_km,level,kind,event,time,duration,acceleration,event_level,direction_axis,freq,direction_x,direction_y,direction_z
47,52467,1500,-1,thrust,0,80,60,0.2,7,0,5,0.716924064070061,0.48643143437667696,-0.49940399078052616
53,51859,2000,-1,thrust,0,81,60,0.15,5,1,5,-0.5121758358340076,0.8588806163767674,0.0
56,52108,2000,-1,thrust,0,81,60,0.15,5,1,5,0.9260279678457846,-0.37745490163383305,0.0
28,51974,1000,-1,thrust,0,82,60,0.18,6,2,5,-0.0698905139848359,0.32368406901489194,-0.9435803831793549
44,52455,1500,-1,thrust,0,82,60,0.12,4,0,5,0.010363328673614084,0.6533971825124733,-0.7569443330282382
43,52453,1500,-1,thrust,0,83,60,0.15,5,1,5,0.7743451111100915,0.6327635015548068,-0.0
4,52846,500,-1,thrust,0,84,60,0.06,2,2,5,0.10675113454215515,0.053584779526375234,-0.9928408063114007
36,51995,1500,-1,thrust,0,84,60,0.18,6,0,5,-0.2875339482604297,0.8758547228974883,0.38755997339241904
29,51977,1000,-1,thrust,0,85,60,0.18,6,0,5,-0.6253662310621636,0.5314932655724378,0.5713422666828095
60,52485,2000,-1,thrust,0,86,60,0.09,3,0,5,-0.3771472025792717,-0.4851821744473003,0.7888968533244503
45,52456,1500,-1,thrust,0,87,60,0.09,3,2,5,-0.36119643791025446,-0.5578294508681116,-0.7472372026238554
26,51968,1000,-1,thrust,0,88,60,0.2,7,2,5,-0.34617211742502113,0.32539049254169133,-0.8799351637938746
12,54158,500,-1,thrust,0,89,60,0.03,1,0,5,0.23699990677560473,-0.6434674925038474,-0.7278603095918652
41,52132,1500,-1,thrust,0,89,60,0.2,7,2,5,-0.22836114757152545,-0.6996741077031721,-0.6769839948548165
16,48690,1000,-1,thrust,0,90,60,0.18,6,0,5,-0.9854108455831518,-0.1196508378765037,-0.12103364161483438
13,54159,500,-1,thrust,0,91,60,0.03,1,0,5,0.26827841818839154,-0.6009722819467977,-0.7529003962450765
32,51882,1500,-1,thrust,0,91,60,0.2,7,2,5,0.0011742302577442728,-0.055760429856966436,-0.9984434864555272
37,52000,1500,-1,thrust,0,91,60,0.09,3,1,5,0.9187518191186581,0.3948355288802621,-0.0
52,51799,2000,-1,thrust,0,91,60,0.06,2,2,5,-0.23876370671910016,-0.3767438345549861,-0.8950173045693366
57,52477,2000,-1,thrust,0,91,60,0.06,2,2,5,-0.5454118026488994,-0.40715532228313955,-0.7326325880465534
58,52478,2000,-1,thrust,0,91,60,0.06,2,0,5,-0.6368516049667177,-0.5187145405006227,0.5703992099613601
34,51887,1500,-1,thrust,0,92,60,0.2,7,2,5,-0.02957011356890853,-0.16763639680511455,-0.9854053210987447
24,51884,1000,-1,thrust,0,93,60,0.18,6,2,5,-0.06709209943222172,-0.11480320029371538,-0.991120010592107
14,54773,500,-1,thrust,0,94,60,0.01,0,2,5,-0.3927715222853322,-0.03341542259656096,-0.919028803038488
23,51881,1000,-1,thrust,0,94,60,0.03,1,2,5,0.001719277466079392,0.0985723509597531,-0.9951284016202442
5,52851,500,-1,thrust,0,95,60,0.15,5,1,5,-0.5719179899782751,0.820310802525,0.0
9,53545,500,-1,thrust,0,95,60,0.06,2,0,5,0.9200451902803343,-0.3792407767783267,-0.09845446191308371
19,51863,1000,-1,thrust,0,95,60,0.18,6,1,5,-0.6795604199257937,0.7336195442259421,0.0
55,51879,2000,-1,thrust,0,95,60,0.15,5,2,5,-0.00700471381092192,0.03792384026552277,-0.99925608145457
38,52001,1500,-1,thrust,0,96,60,0.03,1,0,5,0.00034338195224625773,-0.9451317088159645,-0.32668935562618157
3,52839,500,-1,thrust,0,98,60,0.06,2,1,5,0.4314141970991554,-0.9021539727459449,0.0
40,52126,1500,-1,thrust,0,99,60,0.01,0,2,5,-0.3710287655763145,-0.4872374383755533,-0.7905297804385012
50,51788,2000,-1,thrust,0,99,60,0.09,3,0,5,-0.22397266690482773,-0.9391208830805788,0.2605536632663087
59,52483,2000,-1,thrust,0,99,60,0.01,0,1,5,0.5950259851251853,-0.8037064619783786,0.0
2,52837,500,-1,thrust,0,101,60,0.01,0,1,5,0.6912626215944772,0.7226036174738754,-0.0
27,51973,1000,-1,thrust,0,101,60,0.18,6,0,5,-0.20602457481365272,0.9182114541476945,0.3382921814716236
49,48669,2000,-1,thrust,0,101,60,0.12,4,1,5,-0.9701595435875704,0.24246744108427637,0.0
7,52880,500,-1,thrust,0,102,60,0.03,1,2,5,0.049915359577734394,0.7469843035977353,-0.6629652381964171
51,51795,2000,-1,thrust,0,102,60,0.2,7,1,5,-0.9477215440949992,0.31909853471645766,0.0
46,52463,1500,-1,thrust,0,103,60,0.12,4,0,5,0.6899502924280031,0.4753592060366061,-0.5458957951979119
17,48696,1000,-1,thrust,0,105,60,0.06,2,2,5,-0.4589687137681422,-0.6662870034772309,-0.5877153637428156
11,53571,500,-1,thrust,0,106,60,0.12,4,1,5,0.9997825470980821,0.0,-0.020853261569141857
42,52139,1500,-1,thrust,0,107,60,0.06,2,2,5,-0.17401472264696105,-0.7581910792942624,-0.6283829752473428
33,51883,1500,-1,thrust,0,108,60,0.12,4,0,5,-0.1786315223196886,0.9830142755479389,0.042115475810104795
54,51865,2000,-1,thrust,0,108,60,0.2,7,2,5,-0.2511389970306321,0.3026999792817087,-0.9194030273570459
10,53558,500,-1,thrust,0,109,60,0.03,1,1,5,0.9699733630083867,-0.24321117378566434,0.0
39,52002,1500,-1,thrust,0,109,60,0.09,3,1,5,0.9945209043052968,-0.10453789217204724,0.0
6,52871,500,-1,thrust,0,110,60,0.01,0,1,5,0.26253000273715177,-0.9649238299797716,0.0
22,51873,1000,-1,thrust,0,110,60,0.12,4,0,5,-0.7818386485710901,-0.5984232743269233,0.17497974838356412
63,52859,2000,-1,thrust,0,110,60,0.12,4,1,5,0.7577026512247281,-0.6525999481512529,0.0
0,52490,500,-1,thrust,0,111,60,0.03,1,1,5,0.048438489149745315,0.9988261674430091,-0.0
15,54774,500,-1,thrust,0,111,60,0.18,6,0,5,0.5569779931820774,0.7587698370516829,0.3377037895722053
62,52840,2000,-1,thrust,0,113,60,0.01,0,0,5,-0.11540927905316546,-0.9864669347833848,0.11646323405908725
35,51956,1500,-1,thrust,0,115,60,0.15,5,1,5,-0.9873561495694176,0.15851761387130997,0.0
18,51855,1000,-1,thrust,0,116,60,0.09,3,1,5,-0.6592545352519952,0.7519198479556688,0.0
20,51864,1000,-1,thrust,0,116,60,0.15,5,2,5,-0.2971770035822388,0.3778638234358206,-0.8768721454581306
30,51984,1000,-1,thrust,0,116,60,0.09,3,0,5,0.9105470942817924,0.3881380355514374,-0.14231252388056317
1,52501,500,-1,thrust,0,118,60,0.01,0,2,5,0.02826000449994439,-0.946306092151627,0.32203439583743126
31,51985,1000,-1,thrust,0,118,60,0.09,3,0,5,0.8643454845647841,0.48732652814666594,0.12417623877773759
61,52497,2000,-1,thrust,0,118,60,0.03,1,1,5,0.598653829114415,-0.8010078606896746,0.0
8,52882,500,-1,thrust,0,119,60,0.12,4,2,5,0.15901779388686904,0.04954889188775332,-0.9860315656915092
25,51896,1000,-1,thrust,0,119,60,0.01,0,0,5,0.7620056858049743,0.6352777444647529,-0.1255767581547905
21,51868,1000,-1,thrust,0,120,60,0.2,7,0,5,-0.6001060217290657,0.6122005760057572,0.5148623286109922
48,48668,2000,-1,thrust,0,120,60,0.15,5,1,5,-0.9527186553851481,0.30385385250332986,0.0
19,51863,1000,-1,thrust,1,266,60,0.06,2,0,5,-0.9621653465509624,-0.2720996951791768,-0.014128049400587806
5,52851,500,-1,thrust,1,267,60,0.01,0,0,5,-0.8595127047060791,0.017201566469792352,-0.5108248394115401
43,52453,1500,-1,thrust,1,269,60,0.15,5,2,5,0.7996747412931533,0.21655566477001903,-0.5600213854789325
40,52126,1500,-1,thrust,1,271,60,0.2,7,2,5,-0.18017333994010296,-0.044934296082723806,-0.982607997428465
49,48669,2000,-1,thrust,1,271,60,0.2,7,2,5,-0.4531399199631406,-0.38055311308462475,-0.8061287372730235
1,52501,500,-1,thrust,1,272,60,0.18,6,0,5,-0.00038387485045255146,-0.8669573741869053,-0.4983821465332053
18,51855,1000,-1,thrust,1,275,60,0.2,7,2,5,-0.23727887273478385,-0.09233304119370679,-0.9670436112490646
38,52001,1500,-1,thrust,1,275,60,0.01,0,0,5,0.15648524283069967,-0.8899531232171377,-0.4283641059335844
46,52463,1500,-1,thrust,1,277,60,0.15,5,0,5,0.8332890165640208,0.4138618026207297,-0.3665348867506167
50,51788,2000,-1,thrust,1,278,60,0.18,6,1,5,-0.9992874505458944,0.03774375685443482,0.0
0,52490,500,-1,thrust,1,281,60,0.06,2,1,5,0.7587614297896131,0.6513686303957398,-0.0
3,52839,500,-1,thrust,1,283,60,0.15,5,2,5,0.45791894307103265,0.04314906292212825,-0.8879461695089689
36,51995,1500,-1,thrust,1,283,60,0.2,7,0,5,-0.5131898263549487,0.6960297764302048,0.5021740260589916
44,52455,1500,-1,thrust,1,284,60,0.12,4,0,5,0.564917255350097,0.1885358947436661,-0.8033198061799041
57,52477,2000,-1,thrust,1,284,60,0.12,4,2,5,-0.46336512278694286,-0.2944529051498222,-0.8358171149440952
16,48690,1000,-1,thrust,1,286,60,0.2,7,0,5,-0.8508405007051133,0.21286232931926535,-0.48037492765198386
20,51864,1000,-1,thrust,1,287,60,0.09,3,1,5,0.23127846995454482,0.9728875933711378,-0.0
10,53558,500,-1,thrust,1,288,60,0.2,7,1,5,0.998188917106803,0.06015717550839711,-0.0
55,51879,2000,-1,thrust,1,290,60,0.03,1,2,5,-0.15181872583314068,0.23042017831649625,-0.9611751223949754
59,52483,2000,-1,thrust,1,290,60,0.06,2,2,5,-0.4733723208571673,-0.2974727581739887,-0.8291131430574832
25,51896,1000,-1,thrust,1,291,60,0.03,1,2,5,0.6380594491619498,-0.3096550728277314,-0.7049779253332699
28,51974,1000,-1,thrust,1,291,60,0.01,0,1,5,0.8065664320752117,0.5911434602949294,-0.0
7,52880,500,-1,thrust,1,294,60,0.18,6,2,5,0.030309382955941166,-0.937192252717494,-0.34749391757430653
2,52837,500,-1,thrust,1,295,60,0.03,1,1,5,0.7646206111046507,0.6444806599689011,-0.0
8,52882,500,-1,thrust,1,295,60,0.09,3,2,5,0.5283921863722241,-0.20555222400849033,-0.8237414525116143
15,54774,500,-1,thrust,1,295,60,0.06,2,0,5,0.6535242187108866,0.3317517468173979,0.6803285045049418
33,51883,1500,-1,thrust,1,295,60,0.12,4,1,5,0.7123543160769604,0.7018200113750862,-0.0
35,51956,1500,-1,thrust,1,295,60,0.01,0,2,5,-0.08121990686422459,0.5442617049555041,-0.8349745644316924
21,51868,1000,-1,thrust,1,296,60,0.09,3,2,5,-0.6808293699633712,0.0728628394647045,-0.7288088745483411
62,52840,2000,-1,thrust,1,296,60,0.15,5,0,5,-0.023237311060140715,-0.9988700840951539,0.04145578939587019
39,52002,1500,-1,thrust,1,297,60,0.15,5,1,5,0.9994616395973572,0.03280900750346364,-0.0
37,52000,1500,-1,thrust,1,299,60,0.03,1,1,5,0.7216540249130607,0.692253904522596,-0.0
54,51865,2000,-1,thrust,1,303,60,0.01,0,1,5,-0.47889032952867766,-0.8778747361007233,0.0
31,51985,1000,-1,thrust,1,304,60,0.18,6,1,5,0.4470913627505713,-0.8944882969350897,0.0
27,51973,1000,-1,thrust,1,305,60,0.03,1,0,5,-0.44919008422969087,0.595143768910396,0.6663573835089189
47,52467,1500,-1,thrust,1,305,60,0.15,5,0,5,0.9700182219974607,0.22285483125352942,-0.09695552165733576
9,53545,500,-1,thrust,1,308,60,0.09,3,0,5,0.5531631937173141,-0.7504077235415809,0.36179929458969856
29,51977,1000,-1,thrust,1,308,60,0.09,3,2,5,-0.6598049183685476,0.028357860320490497,-0.7509016589772047
13,54159,500,-1,thrust,1,310,60,0.06,2,0,5,0.3211438850017656,0.16093745024886377,-0.9332554538996102
34,51887,1500,-1,thrust,1,310,60,0.18,6,0,5,0.14671030519460418,-0.7599233990190326,-0.6332396970919196
51,51795,2000,-1,thrust,1,310,60,0.12,4,1,5,-0.9720705985789257,0.23468862643598432,0.0
53,51859,2000,-1,thrust,1,313,60,0.06,2,2,5,-0.5670202114280091,-0.09668857050563612,-0.818009413250063
45,52456,1500,-1,thrust,1,316,60,0.12,4,1,5,-0.04697999778784028,0.9988958303085735,0.0
17,48696,1000,-1,thrust,1,318,60,0.18,6,1,5,0.6704558587606928,0.7419494197406329,-0.0
63,52859,2000,-1,thrust,1,318,60,0.03,1,1,5,0.8400667483793923,-0.5424830488294308,0.0
60,52485,2000,-1,thrust,1,320,60,0.06,2,2,5,-0.4902849610039524,-0.5011547158685231,-0.7130670429742865
4,52846,500,-1,thrust,1,321,60,0.18,6,2,5,0.40843602361317827,0.0042530516475760985,-0.9127770407754233
11,53571,500,-1,thrust,1,321,60,0.03,1,1,5,-0.9967789563033428,-0.080197956774588,0.0
14,54773,500,-1,thrust,1,321,60,0.01,0,1,5,0.5741000128419634,0.818785182605827,-0.0
22,51873,1000,-1,thrust,1,322,60,0.15,5,1,5,0.6182668453011962,0.7859682614465463,-0.0
30,51984,1000,-1,thrust,1,322,60,0.09,3,0,5,0.9584756443222647,0.2411664667143218,0.15219452872409497
24,51884,1000,-1,thrust,1,324,60,0.01,0,2,5,-0.09363189578032877,-0.9377898275063161,-0.334340107552557
6,52871,500,-1,thrust,1,326,60,0.03,1,1,5,-0.7437232624473431,-0.6684876280789948,0.0
26,51968,1000,-1,thrust,1,327,60,0.09,3,0,5,0.7198212490359486,0.2007169624274928,-0.6645073892969193
52,51799,2000,-1,thrust,1,327,60,0.09,3,2,5,0.05620062066125749,0.03770307332942467,-0.9977073561414715
12,54158,500,-1,thrust,1,328,60,0.15,5,1,5,0.9522190168766839,-0.0,0.30541601775021854
42,52139,1500,-1,thrust,1,329,60,0.01,0,2,5,-0.35948873491977074,0.11476177935516635,-0.9260656474921304
32,51882,1500,-1,thrust,1,330,60,0.12,4,2,5,-0.44075190405007125,0.45948981247737886,-0.7711075614372743
48,48668,2000,-1,thrust,1,330,60,0.2,7,0,5,-0.8871411645368373,-0.2958671972178565,0.35417955304431975
56,52108,2000,-1,thrust,1,330,60,0.18,6,1,5,0.4438438821390782,-0.89610412803854,0.0
58,52478,2000,-1,thrust,1,330,60,0.2,7,0,5,-0.88159527494193,-0.39572898632426684,0.2572709478017895
61,52497,2000,-1,thrust,1,330,60,0.06,2,0,5,0.7274269695174959,0.4443489865451185,-0.522880466430826
23,51881,1000,-1,thrust,1,332,60,0.12,4,0,5,-0.3754647560910687,-0.2343294632203953,0.8967251081576313
41,52132,1500,-1,thrust,1,332,60,0.12,4,0,5,-0.9545998159126132,0.08775134924950909,0.28467330778366917
3,52839,500,-1,thrust,2,465,60,0.09,3,1,5,-0.36923807448886603,-0.9293348397363324,0.0
46,52463,1500,-1,thrust,2,465,60,0.06,2,0,5,0.9702375698346248,0.23474137852575902,-0.05946043465387491
36,51995,1500,-1,thrust,2,468,60,0.18,6,1,5,0.48885168360068953,0.8723669133115787,-0.0
45,52456,1500,-1,thrust,2,469,60,0.09,3,2,5,0.32976317004840555,-0.19653594614543143,-0.9233795934242572
4,52846,500,-1,thrust,2,470,60,0.12,4,0,5,0.800608820220601,-0.31288884560030433,0.5110049777486382
55,51879,2000,-1,thrust,2,471,60,0.15,5,1,5,-0.2817304415290096,-0.959493594723732,0.0
5,52851,500,-1,thrust,2,472,60,0.06,2,1,5,0.5819377791020999,0.8132333129266875,-0.0
41,52132,1500,-1,thrust,2,473,60,0.01,0,1,5,0.6553894433329582,0.755291121070356,-0.0
2,52837,500,-1,thrust,2,474,60,0.15,5,2,5,0.3300378655338281,-0.4080262696612248,-0.8512282717228207
34,51887,1500,-1,thrust,2,475,60,0.18,6,0,5,0.3275940543742802,0.33964064496052765,-0.8816611411587889
43,52453,1500,-1,thrust,2,475,60,0.15,5,0,5,-0.009530890904319725,-0.9989633568488433,0.0445126250839077
15,54774,500,-1,thrust,2,478,60,0.01,0,2,5,0.7585391357202047,-0.26417724758094296,-0.595675046851387
38,52001,1500,-1,thrust,2,478,60,0.2,7,1,5,-0.893952049491843,-0.4481626191566332,0.0
23,51881,1000,-1,thrust,2,479,60,0.01,0,1,5,-0.8612572511500363,0.5081692113277655,0.0
9,53545,500,-1,thrust,2,481,60,0.03,1,0,5,0.4092267938156138,-0.7973041444779096,0.44366601449935467
28,51974,1000,-1,thrust,2,481,60,0.18,6,0,5,-0.5517087251456867,0.02324648081759494,0.8337128304924413
53,51859,2000,-1,thrust,2,481,60,0.01,0,2,5,-0.33104225212432226,0.027083404828167443,-0.9432271818026505
14,54773,500,-1,thrust,2,483,60,0.2,7,1,5,0.7974248054790297,0.6034183288621018,-0.0
61,52497,2000,-1,thrust,2,483,60,0.01,0,2,5,-0.3286708089425456,-0.16253508934479274,-0.9303536123865662
8,52882,500,-1,thrust,2,485,60,0.03,1,1,5,0.7238794409307907,0.6899264852125375,-0.0
31,51985,1000,-1,thrust,2,485,60,0.18,6,1,5,0.33377529966476427,-0.9426526663271562,0.0
62,52840,2000,-1,thrust,2,485,60,0.2,7,0,5,0.13199708356553597,-0.981619084909115,-0.13784317927407397
12,54158,500,-1,thrust,2,486,60,0.09,3,2,5,-0.38003418085971613,-0.7520051389012479,-0.5385743146905534
25,51896,1000,-1,thrust,2,489,60,0.2,7,2,5,0.1677754741852593,-0.7353397418270832,-0.656602508639428
40,52126,1500,-1,thrust,2,489,60,0.15,5,1,5,-0.5242342134105173,-0.8515741244835098,0.0
39,52002,1500,-1,thrust,2,492,60,0.12,4,1,5,0.9735645149632909,0.2284122045869968,-0.0
47,52467,1500,-1,thrust,2,494,60,0.09,3,2,5,0.3361681865430837,-0.059893576581892205,-0.9398955845414763
58,52478,2000,-1,thrust,2,495,60,0.12,4,1,5,-0.17886300326663854,0.9838739889144538,0.0
59,52483,2000,-1,thrust,2,498,60,0.12,4,2,5,-0.32051177464236824,-0.15410246201911879,-0.9346253974268224
20,51864,1000,-1,thrust,2,501,60,0.06,2,0,5,-0.6117832556447484,-0.3787771265924755,0.6944416004842022
21,51868,1000,-1,thrust,2,501,60,0.03,1,0,5,-0.6221579353703061,-0.39593293018526055,0.6753936764959174
29,51977,1000,-1,thrust,2,501,60,0.03,1,0,5,-0.6967936938971315,-0.32923265134509505,0.6372475260316587
49,48669,2000,-1,thrust,2,501,60,0.01,0,0,5,-0.8066750136108388,0.4648097020703223,-0.36500323735174095
6,52871,500,-1,thrust,2,502,60,0.06,2,2,5,0.2854194647599656,-0.6936884183448946,-0.6613109007042701
30,51984,1000,-1,thrust,2,503,60,0.2,7,1,5,0.008124443506749438,-0.9999669961642262,0.0
11,53571,500,-1,thrust,2,504,60,0.18,6,2,5,-0.006276413590314556,0.04972306781980324,-0.9987433219596668
24,51884,1000,-1,thrust,2,504,60,0.03,1,2,5,-0.02440414104862294,-0.7757716791879883,-0.6305416240578634
37,52000,1500,-1,thrust,2,504,60,0.03,1,0,5,-0.716814331004736,0.26765320404118564,0.6438470138415804
60,52485,2000,-1,thrust,2,504,60,0.09,3,2,5,-0.4678502343069578,-0.38021373102862527,-0.7978431405960804
16,48690,1000,-1,thrust,2,506,60,0.12,4,2,5,0.523171870611134,-0.391469928077352,-0.7569956995996474
35,51956,1500,-1,thrust,2,506,60,0.12,4,0,5,0.3259226556640003,0.4460074335052942,-0.8335777059056618
52,51799,2000,-1,thrust,2,506,60,0.12,4,0,5,0.18745018171627395,-0.5488695092973268,0.8146193535254657
63,52859,2000,-1,thrust,2,506,60,0.06,2,1,5,0.9000271669253844,-0.4358337972166295,0.0
32,51882,1500,-1,thrust,2,509,60,0.18,6,0,5,0.5372131923689265,0.3255530967162174,-0.7780855783030989
1,52501,500,-1,thrust,2,513,60,0.18,6,0,5,0.09704488523518198,-0.993469109076211,-0.06001182850913469
0,52490,500,-1,thrust,2,518,60,0.01,0,1,5,0.9215938711082265,0.38815555739387997,-0.0
18,51855,1000,-1,thrust,2,520,60,0.01,0,2,5,0.2933123227491823,-0.07958843464481186,-0.9526980436603554
33,51883,1500,-1,thrust,2,520,60,0.12,4,1,5,-0.4589001451290817,0.8884878484259127,0.0
44,52455,1500,-1,thrust,2,521,60,0.2,7,1,5,-0.8512196877984107,-0.5248095303101653,0.0
7,52880,500,-1,thrust,2,523,60,0.06,2,0,5,-0.09501150629172955,-0.6196443779720913,0.7791108127344637
19,51863,1000,-1,thrust,2,523,60,0.2,7,2,5,0.49596424581819215,-0.3498721933369932,-0.794738268362329
22,51873,1000,-1,thrust,2,523,60,0.15,5,0,5,-0.14319142870194893,0.6577156568754905,-0.73953115515652
48,48668,2000,-1,thrust,2,525,60,0.03,1,2,5,0.35059603450632576,-0.2187741808997263,-0.9106153295217985
50,51788,2000,-1,thrust,2,528,60,0.18,6,0,5,0.43908132551140594,0.33614028170003407,-0.833197035883931
10,53558,500,-1,thrust,2,530,60,0.09,3,2,5,0.027622365787259604,-0.18174377507292538,-0.9829578857359843
57,52477,2000,-1,thrust,2,530,60,0.06,2,2,5,-0.26511937068900354,-0.12273395445755306,-0.9563723624763933
27,51973,1000,-1,thrust,2,532,60,0.09,3,0,5,-0.5206223323673516,-0.11535335430023703,0.8459586223285763
54,51865,2000,-1,thrust,2,532,60,0.15,5,1,5,-0.01745794353349655,-0.9998475984906806,0.0
13,54159,500,-1,thrust,2,533,60,0.15,5,0,5,0.2352613401322063,0.5340122662102432,-0.8120855874698175
56,52108,2000,-1,thrust,2,533,60,0.09,3,1,5,-0.37277764577481476,-0.9279207007123976,0.0
42,52139,1500,-1,thrust,2,534,60,0.03,1,2,5,0.21198143382846155,-0.30011209519651166,-0.9300519351244799
51,51795,2000,-1,thrust,2,534,60,0.06,2,1,5,0.8656212625424268,-0.5006993407569607,0.0
17,48696,1000,-1,thrust,2,535,60,0.15,5,2,5,0.16758989742556976,-0.33054997097498057,-0.9287897194571688
26,51968,1000,-1,thrust,2,535,60,0.2,7,0,5,0.571250678700213,0.5363559091618004,-0.621284959412156
47,52467,1500,-1,thrust,0,80,60,0.2,7,0,10,0.7169240640700585,0.48643143437668407,-0.49940399078052267
53,51859,2000,-1,thrust,0,81,60,0.15,5,1,10,-0.5121758358340092,0.8588806163767664,0.0
56,52108,2000,-1,thrust,0,81,60,0.15,5,1,10,0.9260279678457847,-0.3774549016338327,0.0
28,51974,1000,-1,thrust,0,82,60,0.18,6,2,10,-0.06989051398483691,0.32368406901489033,-0.9435803831793554
44,52455,1500,-1,thrust,0,82,60,0.12,4,0,10,0.010363328673612813,0.6533971825124776,-0.7569443330282346
43,52453,1500,-1,thrust,0,83,60,0.15,5,1,10,0.7743451111100981,0.6327635015547987,-0.0
4,52846,500,-1,thrust,0,84,60,0.06,2,2,10,0.10675113454215909,0.053584779526375186,-0.9928408063114004
36,51995,1500,-1,thrust,0,84,60,0.18,6,0,10,-0.2875339482604368,0.8758547228974884,0.38755997339241327
29,51977,1000,-1,thrust,0,85,60,0.18,6,0,10,-0.6253662310621544,0.5314932655724488,0.5713422666828095
60,52485,2000,-1,thrust,0,86,60,0.09,3,0,10,-0.3771472025792759,-0.4851821744472919,0.7888968533244534
45,52456,1500,-1,thrust,0,87,60,0.09,3,2,10,-0.36119643791025663,-0.5578294508681108,-0.7472372026238548
26,51968,1000,-1,thrust,0,88,60,0.2,7,2,10,-0.34617211742502724,0.3253904925416956,-0.8799351637938708
12,54158,500,-1,thrust,0,89,60,0.03,1,0,10,0.23699990677563118,-0.643467492503855,-0.7278603095918498
41,52132,1500,-1,thrust,0,89,60,0.2,7,2,10,-0.2283611475715169,-0.6996741077031577,-0.6769839948548341
16,48690,1000,-1,thrust,0,90,60,0.18,6,0,10,-0.9854108455831476,-0.11965083787651723,-0.12103364161485522
13,54159,500,-1,thrust,0,91,60,0.03,1,0,10,0.26827841818843073,-0.6009722819468103,-0.7529003962450525
32,51882,1500,-1,thrust,0,91,60,0.2,7,2,10,0.0011742302577429295,-0.05576042985695272,-0.9984434864555279
37,52000,1500,-1,thrust,0,91,60,0.09,3,1,10,0.91875181911866,0.39483552888025797,-0.0
52,51799,2000,-1,thrust,0,91,60,0.06,2,2,10,-0.23876370671910913,-0.37674383455498905,-0.895017304569333
57,52477,2000,-1,thrust,0,91,60,0.06,2,2,10,-0.5454118026489024,-0.40715532228313983,-0.732632588046551
58,52478,2000,-1,thrust,0,91,60,0.06,2,0,10,-0.63685160496672,-0.5187145405006279,0.5703992099613526
34,51887,1500,-1,thrust,0,92,60,0.2,7,2,10,-0.029570113568906486,-0.1676363968051182,-0.9854053210987439
24,51884,1000,-1,thrust,0,93,60,0.18,6,2,10,-0.06709209943220684,-0.11480320029368661,-0.991120010592111
14,54773,500,-1,thrust,0,94,60,0.01,0,2,10,-0.3927715222853328,-0.033415422596569426,-0.9190288030384877
23,51881,1000,-1,thrust,0,94,60,0.03,1,2,10,0.0017192774660802347,0.09857235095976231,-0.9951284016202433
5,52851,500,-1,thrust,0,95,60,0.15,5,1,10,-0.571917989978259,0.8203108025250112,0.0
9,53545,500,-1,thrust,0,95,60,0.06,2,0,10,0.9200451902803458,-0.3792407767782912,-0.09845446191311279
19,51863,1000,-1,thrust,0,95,60,0.18,6,1,10,-0.6795604199257997,0.7336195442259364,0.0
55,51879,2000,-1,thrust,0,95,60,0.15,5,2,10,-0.007004713810921588,0.0379238402655183,-0.99925608145457
38,52001,1500,-1,thrust,0,96,60,0.03,1,0,10,0.00034338195225911046,-0.9451317088159668,-0.32668935562617507
3,52839,500,-1,thrust,0,98,60,0.06,2,1,10,0.43141419709917583,-0.9021539727459351,0.0
40,52126,1500,-1,thrust,0,99,60,0.01,0,2,10,-0.3710287655763161,-0.4872374383755492,-0.7905297804385032
50,51788,2000,-1,thrust,0,99,60,0.09,3,0,10,-0.2239726669048303,-0.9391208830805755,0.2605536632663185
59,52483,2000,-1,thrust,0,99,60,0.01,0,1,10,0.5950259851251766,-0.8037064619783849,0.0
2,52837,500,-1,thrust,0,101,60,0.01,0,1,10,0.691262621594479,0.7226036174738736,-0.0
27,51973,1000,-1,thrust,0,101,60,0.18,6,0,10,-0.20602457481363182,0.9182114541476873,0.3382921814716559
49,48669,2000,-1,thrust,0,101,60,0.12,4,1,10,-0.9701595435875717,0.24246744108427087,0.0
7,52880,500,-1,thrust,0,102,60,0.03,1,2,10,0.04991535957775175,0.7469843035977136,-0.6629652381964402
51,51795,2000,-1,thrust,0,102,60,0.2,7,1,10,-0.9477215440949949,0.31909853471647076,0.0
46,52463,1500,-1,thrust,0,103,60,0.12,4,0,10,0.6899502924280034,0.47535920603660864,-0.5458957951979092
17,48696,1000,-1,thrust,0,105,60,0.06,2,2,10,-0.4589687137681335,-0.6662870034772255,-0.5877153637428281
11,53571,500,-1,thrust,0,106,60,0.12,4,1,10,0.9997825470980828,0.0,-0.0208532615691177
42,52139,1500,-1,thrust,0,107,60,0.06,2,2,10,-0.17401472264696435,-0.7581910792942691,-0.6283829752473339
33,51883,1500,-1,thrust,0,108,60,0.12,4,0,10,-0.17863152231969706,0.9830142755479375,0.04211547581010212
54,51865,2000,-1,thrust,0,108,60,0.2,7,2,10,-0.25113899703062914,0.30269997928170406,-0.9194030273570486
10,53558,500,-1,thrust,0,109,60,0.03,1,1,10,0.9699733630083861,-0.2432111737856663,0.0
39,52002,1500,-1,thrust,0,109,60,0.09,3,1,10,0.994520904305297,-0.10453789217204654,0.0
6,52871,500,-1,thrust,0,110,60,0.01,0,1,10,0.2625300027371371,-0.9649238299797755,0.0
22,51873,1000,-1,thrust,0,110,60,0.12,4,0,10,-0.7818386485710789,-0.5984232743269329,0.17497974838358127
63,52859,2000,-1,thrust,0,110,60,0.12,4,1,10,0.7577026512247276,-0.6525999481512536,0.0
0,52490,500,-1,thrust,0,111,60,0.03,1,1,10,0.04843848914969863,0.9988261674430112,-0.0
15,54774,500,-1,thrust,0,111,60,0.18,6,0,10,0.5569779931820991,0.7587698370516797,0.3377037895721767
62,52840,2000,-1,thrust,0,113,60,0.01,0,0,10,-0.11540927905316829,-0.9864669347833839,0.11646323405909141
35,51956,1500,-1,thrust,0,115,60,0.15,5,1,10,-0.9873561495694148,0.1585176138713279,0.0
18,51855,1000,-1,thrust,0,116,60,0.09,3,1,10,-0.6592545352519941,0.7519198479556696,0.0
20,51864,1000,-1,thrust,0,116,60,0.15,5,2,10,-0.2971770035822615,0.37786382343584285,-0.8768721454581132
30,51984,1000,-1,thrust,0,116,60,0.09,3,0,10,0.910547094281791,0.38813803555144033,-0.14231252388056337
1,52501,500,-1,thrust,0,118,60,0.01,0,2,10,0.028260004499952526,-0.9463060921516221,0.3220343958374452
31,51985,1000,-1,thrust,0,118,60,0.09,3,0,10,0.8643454845647837,0.4873265281466634,0.12417623877774943
61,52497,2000,-1,thrust,0,118,60,0.03,1,1,10,0.598653829114414,-0.8010078606896751,0.0
8,52882,500,-1,thrust,0,119,60,0.12,4,2,10,0.1590177938868683,0.04954889188775383,-0.9860315656915093
25,51896,1000,-1,thrust,0,119,60,0.01,0,0,10,0.7620056858049796,0.6352777444647474,-0.1255767581547874
21,51868,1000,-1,thrust,0,120,60,0.2,7,0,10,-0.6001060217290604,0.6122005760057572,0.5148623286109983
48,48668,2000,-1,thrust,0,120,60,0.15,5,1,10,-0.9527186553851522,0.3038538525033169,0.0
19,51863,1000,-1,thrust,1,266,60,0.06,2,0,10,-0.9621653465509653,-0.2720996951791678,-0.014128049400565139
5,52851,500,-1,thrust,1,267,60,0.01,0,0,10,-0.859512704706069,0.01720156646982822,-0.510824839411556
43,52453,1500,-1,thrust,1,269,60,0.15,5,2,10,0.7996747412931606,0.21655566477000748,-0.560021385478927
40,52126,1500,-1,thrust,1,271,60,0.2,7,2,10,-0.18017333994008328,-0.04493429608272073,-0.9826079974284686
49,48669,2000,-1,thrust,1,271,60,0.2,7,2,10,-0.45313991996312053,-0.380553113084624,-0.8061287372730352
1,52501,500,-1,thrust,1,272,60,0.18,6,0,10,-0.0003838748504728326,-0.8669573741869003,-0.49838214653321417
18,51855,1000,-1,thrust,1,275,60,0.2,7,2,10,-0.23727887273477538,-0.09233304119370137,-0.967043611249067
38,52001,1500,-1,thrust,1,275,60,0.01,0,0,10,0.15648524283071277,-0.8899531232171447,-0.4283641059335648
46,52463,1500,-1,thrust,1,277,60,0.15,5,0,10,0.8332890165640114,0.413861802620742,-0.36653488675062357
50,51788,2000,-1,thrust,1,278,60,0.18,6,1,10,-0.9992874505458937,0.03774375685445089,0.0
0,52490,500,-1,thrust,1,281,60,0.06,2,1,10,0.7587614297895922,0.6513686303957643,-0.0
3,52839,500,-1,thrust,1,283,60,0.15,5,2,10,0.45791894307104747,0.04314906292213585,-0.8879461695089612
36,51995,1500,-1,thrust,1,283,60,0.2,7,0,10,-0.5131898263549597,0.6960297764302116,0.5021740260589708
44,52455,1500,-1,thrust,1,284,60,0.12,4,0,10,0.564917255350075,0.1885358947436576,-0.8033198061799214
57,52477,2000,-1,thrust,1,284,60,0.12,4,2,10,-0.46336512278693365,-0.294452905149836,-0.8358171149440958
16,48690,1000,-1,thrust,1,286,60,0.2,7,0,10,-0.8508405007051152,0.21286232931924293,-0.4803749276519904
20,51864,1000,-1,thrust,1,287,60,0.09,3,1,10,0.23127846995454743,0.9728875933711374,-0.0
10,53558,500,-1,thrust,1,288,60,0.2,7,1,10,0.9981889171068037,0.06015717550838429,-0.0
55,51879,2000,-1,thrust,1,290,60,0.03,1,2,10,-0.15181872583312894,0.23042017831646283,-0.9611751223949851
59,52483,2000,-1,thrust,1,290,60,0.06,2,2,10,-0.47337232085718106,-0.29747275817398466,-0.8291131430574771
25,51896,1000,-1,thrust,1,291,60,0.03,1,2,10,0.6380594491619144,-0.30965507282772003,-0.7049779253333069
28,51974,1000,-1,thrust,1,291,60,0.01,0,1,10,0.8065664320752138,0.5911434602949265,-0.0
7,52880,500,-1,thrust,1,294,60,0.18,6,2,10,0.03030938295593737,-0.9371922527175022,-0.34749391757428516
2,52837,500,-1,thrust,1,295,60,0.03,1,1,10,0.764620611104655,0.6444806599688964,-0.0
8,52882,500,-1,thrust,1,295,60,0.09,3,2,10,0.52839218637227,-0.20555222400850465,-0.8237414525115815
15,54774,500,-1,thrust,1,295,60,0.06,2,0,10,0.6535242187109066,0.33175174681740366,0.6803285045049197
33,51883,1500,-1,thrust,1,295,60,0.12,4,1,10,0.7123543160769555,0.701820011375091,-0.0
35,51956,1500,-1,thrust,1,295,60,0.01,0,2,10,-0.08121990686417348,0.5442617049554477,-0.8349745644317343
21,51868,1000,-1,thrust,1,296,60,0.09,3,2,10,-0.6808293699633805,0.07286283946472079,-0.728808874548331
62,52840,2000,-1,thrust,1,296,60,0.15,5,0,10,-0.023237311060134228,-0.998870084095154,0.04145578939586665
39,52002,1500,-1,thrust,1,297,60,0.15,5,1,10,0.9994616395973578,0.03280900750344575,-0.0
37,52000,1500,-1,thrust,1,299,60,0.03,1,1,10,0.7216540249130713,0.6922539045225851,-0.0
54,51865,2000,-1,thrust,1,303,60,0.01,0,1,10,-0.47889032952868105,-0.8778747361007214,0.0
31,51985,1000,-1,thrust,1,304,60,0.18,6,1,10,0.4470913627505521,-0.8944882969350993,0.0
27,51973,1000,-1,thrust,1,305,60,0.03,1,0,10,-0.4491900842296156,0.5951437689104067,0.6663573835089601
47,52467,1500,-1,thrust,1,305,60,0.15,5,0,10,0.9700182219974559,0.22285483125355016,-0.09695552165733579
9,53545,500,-1,thrust,1,308,60,0.09,3,0,10,0.5531631937173129,-0.7504077235415794,0.36179929458970367
29,51977,1000,-1,thrust,1,308,60,0.09,3,2,10,-0.659804918368552,0.028357860320496853,-0.7509016589772003
13,54159,500,-1,thrust,1,310,60,0.06,2,0,10,0.32114388500185126,0.1609374502488917,-0.9332554538995758
34,51887,1500,-1,thrust,1,310,60,0.18,6,0,10,0.1467103051946245,-0.7599233990190417,-0.633239697091904
51,51795,2000,-1,thrust,1,310,60,0.12,4,1,10,-0.9720705985789158,0.2346886264360256,0.0
53,51859,2000,-1,thrust,1,313,60,0.06,2,2,10,-0.5670202114280114,-0.09668857050563424,-0.8180094132500617
45,52456,1500,-1,thrust,1,316,60,0.12,4,1,10,-0.04697999778781469,0.9988958303085748,0.0
17,48696,1000,-1,thrust,1,318,60,0.18,6,1,10,0.6704558587606773,0.7419494197406471,-0.0
63,52859,2000,-1,thrust,1,318,60,0.03,1,1,10,0.8400667483793834,-0.5424830488294448,0.0
60,52485,2000,-1,thrust,1,320,60,0.06,2,2,10,-0.49028496100396557,-0.5011547158685175,-0.7130670429742811
4,52846,500,-1,thrust,1,321,60,0.18,6,2,10,0.40843602361313036,0.004253051647569395,-0.9127770407754444
11,53571,500,-1,thrust,1,321,60,0.03,1,1,10,-0.9967789563033387,-0.08019795677463831,0.0
14,54773,500,-1,thrust,1,321,60,0.01,0,1,10,0.574100012841919,0.8187851826058581,-0.0
22,51873,1000,-1,thrust,1,322,60,0.15,5,1,10,0.618266845301188,0.7859682614465529,-0.0
30,51984,1000,-1,thrust,1,322,60,0.09,3,0,10,0.9584756443222668,0.24116646671431463,0.15219452872409334
24,51884,1000,-1,thrust,1,324,60,0.01,0,2,10,-0.09363189578031982,-0.9377898275063261,-0.3343401075525317
6,52871,500,-1,thrust,1,326,60,0.03,1,1,10,-0.7437232624473847,-0.6684876280789483,0.0
26,51968,1000,-1,thrust,1,327,60,0.09,3,0,10,0.7198212490359266,0.20071696242749879,-0.6645073892969411
52,51799,2000,-1,thrust,1,327,60,0.09,3,2,10,0.05620062066127366,0.03770307332943324,-0.9977073561414704
12,54158,500,-1,thrust,1,328,60,0.15,5,1,10,0.9522190168766914,-0.0,0.30541601775019467
42,52139,1500,-1,thrust,1,329,60,0.01,0,2,10,-0.35948873491977856,0.1147617793551808,-0.9260656474921258
32,51882,1500,-1,thrust,1,330,60,0.12,4,2,10,-0.4407519040500795,0.4594898124774315,-0.7711075614372385
48,48668,2000,-1,thrust,1,330,60,0.2,7,0,10,-0.8871411645368348,-0.2958671972178754,0.3541795530443104
56,52108,2000,-1,thrust,1,330,60,0.18,6,1,10,0.44384388213905973,-0.8961041280385491,0.0
58,52478,2000,-1,thrust,1,330,60,0.2,7,0,10,-0.8815952749419316,-0.3957289863242747,0.2572709478017717
61,52497,2000,-1,thrust,1,330,60,0.06,2,0,10,0.7274269695174888,0.44434898654511346,-0.5228804664308401
23,51881,1000,-1,thrust,1,332,60,0.12,4,0,10,-0.37546475609101526,-0.23432946322038195,0.8967251081576572
41,52132,1500,-1,thrust,1,332,60,0.12,4,0,10,-0.9545998159126081,0.08775134924945954,0.2846733077837017
3,52839,500,-1,thrust,2,465,60,0.09,3,1,10,-0.36923807448886514,-0.9293348397363328,0.0
46,52463,1500,-1,thrust,2,465,60,0.06,2,0,10,0.970237569834622,0.2347413785257625,-0.0594604346539073
36,51995,1500,-1,thrust,2,468,60,0.18,6,1,10,0.48885168360070574,0.8723669133115696,-0.0
45,52456,1500,-1,thrust,2,469,60,0.09,3,2,10,0.3297631700484098,-0.19653594614543926,-0.9233795934242539
4,52846,500,-1,thrust,2,470,60,0.12,4,0,10,0.8006088202206267,-0.31288884560029323,0.5110049777486046
55,51879,2000,-1,thrust,2,471,60,0.15,5,1,10,-0.2817304415289923,-0.9594935947237371,0.0
5,52851,500,-1,thrust,2,472,60,0.06,2,1,10,0.5819377791021239,0.8132333129266703,-0.0
41,52132,1500,-1,thrust,2,473,60,0.01,0,1,10,0.6553894433329268,0.7552911210703832,-0.0
2,52837,500,-1,thrust,2,474,60,0.15,5,2,10,0.33003786553383646,-0.40802626966123784,-0.8512282717228112
34,51887,1500,-1,thrust,2,475,60,0.18,6,0,10,0.3275940543743022,0.3396406449605114,-0.8816611411587871
43,52453,1500,-1,thrust,2,475,60,0.15,5,0,10,-0.009530890904302926,-0.998963356848843,0.04451262508391888
15,54774,500,-1,thrust,2,478,60,0.01,0,2,10,0.758539135720224,-0.26417724758094124,-0.5956750468513632
38,52001,1500,-1,thrust,2,478,60,0.2,7,1,10,-0.8939520494918051,-0.4481626191567089,0.0
23,51881,1000,-1,thrust,2,479,60,0.01,0,1,10,-0.8612572511500551,0.5081692113277335,0.0
9,53545,500,-1,thrust,2,481,60,0.03,1,0,10,0.4092267938155985,-0.7973041444779134,0.44366601449936194
28,51974,1000,-1,thrust,2,481,60,0.18,6,0,10,-0.5517087251456478,0.023246480817619902,0.8337128304924664
53,51859,2000,-1,thrust,2,481,60,0.01,0,2,10,-0.3310422521243735,0.027083404828171016,-0.9432271818026324
14,54773,500,-1,thrust,2,483,60,0.2,7,1,10,0.7974248054789838,0.6034183288621625,-0.0
61,52497,2000,-1,thrust,2,483,60,0.01,0,2,10,-0.32867080894257145,-0.1625350893448049,-0.9303536123865547
8,52882,500,-1,thrust,2,485,60,0.03,1,1,10,0.7238794409307787,0.6899264852125501,-0.0
31,51985,1000,-1,thrust,2,485,60,0.18,6,1,10,0.3337752996647473,-0.9426526663271622,0.0
62,52840,2000,-1,thrust,2,485,60,0.2,7,0,10,0.13199708356556955,-0.9816190849091136,-0.13784317927405146
12,54158,500,-1,thrust,2,486,60,0.09,3,2,10,-0.3800341808597024,-0.7520051389012917,-0.5385743146905022
25,51896,1000,-1,thrust,2,489,60,0.2,7,2,10,0.16777547418526864,-0.7353397418270714,-0.6566025086394387
40,52126,1500,-1,thrust,2,489,60,0.15,5,1,10,-0.5242342134105223,-0.8515741244835068,0.0
39,52002,1500,-1,thrust,2,492,60,0.12,4,1,10,0.9735645149632998,0.2284122045869586,-0.0
47,52467,1500,-1,thrust,2,494,60,0.09,3,2,10,0.3361681865430934,-0.05989357658188383,-0.9398955845414734
58,52478,2000,-1,thrust,2,495,60,0.12,4,1,10,-0.17886300326663276,0.9838739889144547,0.0
59,52483,2000,-1,thrust,2,498,60,0.12,4,2,10,-0.32051177464238884,-0.15410246201912564,-0.9346253974268143
20,51864,1000,-1,thrust,2,501,60,0.06,2,0,10,-0.6117832556447332,-0.37877712659247337,0.6944416004842168
21,51868,1000,-1,thrust,2,501,60,0.03,1,0,10,-0.6221579353703043,-0.3959329301852428,0.675393676495929
29,51977,1000,-1,thrust,2,501,60,0.03,1,0,10,-0.6967936938971293,-0.3292326513450746,0.6372475260316718
49,48669,2000,-1,thrust,2,501,60,0.01,0,0,10,-0.8066750136108438,0.46480970207030425,-0.3650032373517528
6,52871,500,-1,thrust,2,502,60,0.06,2,2,10,0.2854194647599528,-0.6936884183449138,-0.6613109007042557
30,51984,1000,-1,thrust,2,503,60,0.2,7,1,10,0.008124443506745859,-0.9999669961642262,0.0
11,53571,500,-1,thrust,2,504,60,0.18,6,2,10,-0.0062764135903201875,0.04972306781981031,-0.9987433219596662
24,51884,1000,-1,thrust,2,504,60,0.03,1,2,10,-0.02440414104861168,-0.7757716791880084,-0.630541624057839
37,52000,1500,-1,thrust,2,504,60,0.03,1,0,10,-0.7168143310047298,0.2676532040412046,0.6438470138415796
60,52485,2000,-1,thrust,2,504,60,0.09,3,2,10,-0.46785023430697636,-0.38021373102863554,-0.7978431405960644
16,48690,1000,-1,thrust,2,506,60,0.12,4,2,10,0.5231718706111345,-0.3914699280773325,-0.7569956995996571
35,51956,1500,-1,thrust,2,506,60,0.12,4,0,10,0.3259226556639855,0.4460074335053256,-0.8335777059056508
52,51799,2000,-1,thrust,2,506,60,0.12,4,0,10,0.1874501817162917,-0.5488695092973385,0.8146193535254537
63,52859,2000,-1,thrust,2,506,60,0.06,2,1,10,0.9000271669253701,-0.4358337972166592,0.0
32,51882,1500,-1,thrust,2,509,60,0.18,6,0,10,0.5372131923688822,0.3255530967161862,-0.7780855783031426
1,52501,500,-1,thrust,2,513,60,0.18,6,0,10,0.09704488523514332,-0.9934691090762139,-0.06001182850914982
0,52490,500,-1,thrust,2,518,60,0.01,0,1,10,0.9215938711082136,0.38815555739391056,-0.0
18,51855,1000,-1,thrust,2,520,60,0.01,0,2,10,0.2933123227491563,-0.07958843464480499,-0.9526980436603637
33,51883,1500,-1,thrust,2,520,60,0.12,4,1,10,-0.4589001451290581,0.8884878484259249,0.0
44,52455,1500,-1,thrust,2,521,60,0.2,7,1,10,-0.8512196877984242,-0.5248095303101433,0.0
7,52880,500,-1,thrust,2,523,60,0.06,2,0,10,-0.09501150629173971,-0.6196443779720702,0.7791108127344795
19,51863,1000,-1,thrust,2,523,60,0.2,7,2,10,0.4959642458181954,-0.34987219333702546,-0.7947382683623128
22,51873,1000,-1,thrust,2,523,60,0.15,5,0,10,-0.1431914287019625,0.6577156568754943,-0.7395311551565138
48,48668,2000,-1,thrust,2,525,60,0.03,1,2,10,0.350596034506329,-0.21877418089972528,-0.9106153295217971
50,51788,2000,-1,thrust,2,528,60,0.18,6,0,10,0.4390813255114219,0.33614028170006544,-0.8331970358839099
10,53558,500,-1,thrust,2,530,60,0.09,3,2,10,0.027622365787262147,-0.18174377507293954,-0.982957885735982
57,52477,2000,-1,thrust,2,530,60,0.06,2,2,10,-0.26511937068900887,-0.12273395445756845,-0.9563723624763898
27,51973,1000,-1,thrust,2,532,60,0.09,3,0,10,-0.5206223323672556,-0.1153533543002158,0.8459586223286384
54,51865,2000,-1,thrust,2,532,60,0.15,5,1,10,-0.01745794353350167,-0.9998475984906805,0.0
13,54159,500,-1,thrust,2,533,60,0.15,5,0,10,0.23526134013227223,0.5340122662103157,-0.8120855874697507
56,52108,2000,-1,thrust,2,533,60,0.09,3,1,10,-0.3727776457748316,-0.9279207007123907,0.0
42,52139,1500,-1,thrust,2,534,60,0.03,1,2,10,0.2119814338284339,-0.3001120951964735,-0.9300519351244985
51,51795,2000,-1,thrust,2,534,60,0.06,2,1,10,0.8656212625424418,-0.500699340756935,0.0
17,48696,1000,-1,thrust,2,535,60,0.15,5,2,10,0.1675898974255906,-0.33054997097501404,-0.9287897194571532
26,51968,1000,-1,thrust,2,535,60,0.2,7,0,10,0.5712506787001906,0.5363559091617995,-0.6212849594121774
47,52467,1500,-1,thrust,0,80,60,0.2,7,0,15,0.7169240640700555,0.4864314343766785,-0.49940399078053244
53,51859,2000,-1,thrust,0,81,60,0.15,5,1,15,-0.512175835834,0.8588806163767718,0.0
56,52108,2000,-1,thrust,0,81,60,0.15,5,1,15,0.9260279678457852,-0.37745490163383133,0.0
28,51974,1000,-1,thrust,0,82,60,0.18,6,2,15,-0.06989051398483286,0.3236840690148754,-0.9435803831793607
44,52455,1500,-1,thrust,0,82,60,0.12,4,0,15,0.010363328673613044,0.6533971825124855,-0.7569443330282278
43,52453,1500,-1,thrust,0,83,60,0.15,5,1,15,0.7743451111100776,0.6327635015548239,-0.0
4,52846,500,-1,thrust,0,84,60,0.06,2,2,15,0.10675113454214219,0.053584779526366325,-0.9928408063114026
36,51995,1500,-1,thrust,0,84,60,0.18,6,0,15,-0.2875339482604277,0.8758547228974853,0.38755997339242704
29,51977,1000,-1,thrust,0,85,60,0.18,6,0,15,-0.6253662310621717,0.5314932655724363,0.5713422666828021
60,52485,2000,-1,thrust,0,86,60,0.09,3,0,15,-0.37714720257927165,-0.4851821744472972,0.7888968533244523
45,52456,1500,-1,thrust,0,87,60,0.09,3,2,15,-0.3611964379102734,-0.5578294508681172,-0.7472372026238423
26,51968,1000,-1,thrust,0,88,60,0.2,7,2,15,-0.34617211742503257,0.32539049254169977,-0.8799351637938668
12,54158,500,-1,thrust,0,89,60,0.03,1,0,15,0.23699990677561267,-0.6434674925038593,-0.727860309591852
41,52132,1500,-1,thrust,0,89,60,0.2,7,2,15,-0.22836114757151835,-0.6996741077031616,-0.6769839948548296
16,48690,1000,-1,thrust,0,90,60,0.18,6,0,15,-0.9854108455831516,-0.11965083787651476,-0.12103364161482545
13,54159,500,-1,thrust,0,91,60,0.03,1,0,15,0.2682784181883512,-0.6009722819467972,-0.7529003962450914
32,51882,1500,-1,thrust,0,91,60,0.2,7,2,15,0.0011742302577432782,-0.05576042985695071,-0.9984434864555278
37,52000,1500,-1,thrust,0,91,60,0.09,3,1,15,0.918751819118647,0.39483552888028806,-0.0
52,51799,2000,-1,thrust,0,91,60,0.06,2,2,15,-0.23876370671909966,-0.3767438345549849,-0.8950173045693373
57,52477,2000,-1,thrust,0,91,60,0.06,2,2,15,-0.5454118026488977,-0.40715532228314344,-0.7326325880465527
58,52478,2000,-1,thrust,0,91,60,0.06,2,0,15,-0.6368516049667148,-0.5187145405006226,0.5703992099613634
34,51887,1500,-1,thrust,0,92,60,0.2,7,2,15,-0.02957011356890325,-0.167636396805109,-0.9854053210987458
24,51884,1000,-1,thrust,0,93,60,0.18,6,2,15,-0.0670920994321959,-0.11480320029366847,-0.991120010592114
14,54773,500,-1,thrust,0,94,60,0.01,0,2,15,-0.3927715222853374,-0.033415422596541844,-0.9190288030384867
23,51881,1000,-1,thrust,0,94,60,0.03,1,2,15,0.001719277466080839,0.09857235095979211,-0.9951284016202403
5,52851,500,-1,thrust,0,95,60,0.15,5,1,15,-0.5719179899782856,0.8203108025249928,0.0
9,53545,500,-1,thrust,0,95,60,0.06,2,0,15,0.9200451902803432,-0.37924077677830487,-0.09845446191308374
19,51863,1000,-1,thrust,0,95,60,0.18,6,1,15,-0.6795604199258106,0.7336195442259263,0.0
55,51879,2000,-1,thrust,0,95,60,0.15,5,2,15,-0.007004713810925224,0.037923840265538376,-0.9992560814545692
38,52001,1500,-1,thrust,0,96,60,0.03,1,0,15,0.00034338195224625713,-0.9451317088159662,-0.3266893556261766
3,52839,500,-1,thrust,0,98,60,0.06,2,1,15,0.4314141970991621,-0.9021539727459418,0.0
40,52126,1500,-1,thrust,0,99,60,0.01,0,2,15,-0.37102876557630404,-0.48723743837555167,-0.7905297804385072
50,51788,2000,-1,thrust,0,99,60,0.09,3,0,15,-0.2239726669048064,-0.9391208830805794,0.26055366326632523
59,52483,2000,-1,thrust,0,99,60,0.01,0,1,15,0.5950259851251847,-0.8037064619783788,0.0
2,52837,500,-1,thrust,0,101,60,0.01,0,1,15,0.6912626215944753,0.7226036174738771,-0.0
27,51973,1000,-1,thrust,0,101,60,0.18,6,0,15,-0.20602457481361275,0.91821145414769,0.3382921814716603
49,48669,2000,-1,thrust,0,101,60,0.12,4,1,15,-0.9701595435875703,0.242467441084277,0.0
7,52880,500,-1,thrust,0,102,60,0.03,1,2,15,0.04991535957775661,0.7469843035977469,-0.6629652381964021
51,51795,2000,-1,thrust,0,102,60,0.2,7,1,15,-0.947721544094991,0.3190985347164827,0.0
46,52463,1500,-1,thrust,0,103,60,0.12,4,0,15,0.6899502924280081,0.4753592060366024,-0.5458957951979089
17,48696,1000,-1,thrust,0,105,60,0.06,2,2,15,-0.4589687137681513,-0.6662870034772176,-0.5877153637428232
11,53571,500,-1,thrust,0,106,60,0.12,4,1,15,0.9997825470980829,0.0,-0.020853261569107964
42,52139,1500,-1,thrust,0,107,60,0.06,2,2,15,-0.17401472264695997,-0.758191079294266,-0.6283829752473391
33,51883,1500,-1,thrust,0,108,60,0.12,4,0,15,-0.1786315223196985,0.9830142755479376,0.0421154758100899
54,51865,2000,-1,thrust,0,108,60,0.2,7,2,15,-0.2511389970306289,0.302699979281701,-0.9194030273570495
10,53558,500,-1,thrust,0,109,60,0.03,1,1,15,0.9699733630083701,-0.24321117378573004,0.0
39,52002,1500,-1,thrust,0,109,60,0.09,3,1,15,0.9945209043052964,-0.1045378921720521,0.0
6,52871,500,-1,thrust,0,110,60,0.01,0,1,15,0.2625300027371552,-0.9649238299797707,0.0
22,51873,1000,-1,thrust,0,110,60,0.12,4,0,15,-0.7818386485710699,-0.598423274326936,0.17497974838361152
63,52859,2000,-1,thrust,0,110,60,0.12,4,1,15,0.7577026512247308,-0.6525999481512499,0.0
0,52490,500,-1,thrust,0,111,60,0.03,1,1,15,0.0484384891497642,0.9988261674430081,-0.0
15,54774,500,-1,thrust,0,111,60,0.18,6,0,15,0.5569779931820772,0.7587698370516911,0.3377037895721873
62,52840,2000,-1,thrust,0,113,60,0.01,0,0,15,-0.11540927905316636,-0.9864669347833855,0.11646323405907917
35,51956,1500,-1,thrust,0,115,60,0.15,5,1,15,-0.9873561495694171,0.15851761387131355,0.0
18,51855,1000,-1,thrust,0,116,60,0.09,3,1,15,-0.6592545352520015,0.751919847955663,0.0
20,51864,1000,-1,thrust,0,116,60,0.15,5,2,15,-0.29717700358228233,0.37786382343587616,-0.8768721454580919
30,51984,1000,-1,thrust,0,116,60,0.09,3,0,15,0.9105470942817994,0.3881380355514302,-0.14231252388053736
1,52501,500,-1,thrust,0,118,60,0.01,0,2,15,0.028260004499937125,-0.9463060921516315,0.322034395837419
31,51985,1000,-1,thrust,0,118,60,0.09,3,0,15,0.8643454845647851,0.4873265281466615,0.12417623877774699
61,52497,2000,-1,thrust,0,118,60,0.03,1,1,15,0.5986538291144008,-0.8010078606896849,0.0
8,52882,500,-1,thrust,0,119,60,0.12,4,2,15,0.1590177938869143,0.04954889188776179,-0.9860315656915015
25,51896,1000,-1,thrust,0,119,60,0.01,0,0,15,0.7620056858049773,0.6352777444647489,-0.12557675815479355
21,51868,1000,-1,thrust,0,120,60,0.2,7,0,15,-0.600106021729079,0.6122005760057547,0.5148623286109796
48,48668,2000,-1,thrust,0,120,60,0.15,5,1,15,-0.9527186553851489,0.3038538525033278,0.0
19,51863,1000,-1,thrust,1,266,60,0.06,2,0,15,-0.9621653465509566,-0.2720996951791979,-0.014128049400575151
5,52851,500,-1,thrust,1,267,60,0.01,0,0,15,-0.859512704706042,0.017201566469839415,-0.510824839411601
43,52453,1500,-1,thrust,1,269,60,0.15,5,2,15,0.7996747412931661,0.21655566477000454,-0.5600213854789203
40,52126,1500,-1,thrust,1,271,60,0.2,7,2,15,-0.180173339940069,-0.04493429608271642,-0.9826079974284717
49,48669,2000,-1,thrust,1,271,60,0.2,7,2,15,-0.4531399199631147,-0.3805531130846154,-0.8061287372730424
1,52501,500,-1,thrust,1,272,60,0.18,6,0,15,-0.0003838748504728384,-0.8669573741868892,-0.4983821465332333
18,51855,1000,-1,thrust,1,275,60,0.2,7,2,15,-0.23727887273483628,-0.09233304119372769,-0.9670436112490493
38,52001,1500,-1,thrust,1,275,60,0.01,0,0,15,0.15648524283068282,-0.8899531232171461,-0.42836410593357294
46,52463,1500,-1,thrust,1,277,60,0.15,5,0,15,0.8332890165640287,0.4138618026207319,-0.366534886750596
50,51788,2000,-1,thrust,1,278,60,0.18,6,1,15,-0.9992874505458961,0.037743756854390666,0.0
0,52490,500,-1,thrust,1,281,60,0.06,2,1,15,0.758761429789629,0.6513686303957213,-0.0
3,52839,500,-1,thrust,1,283,60,0.15,5,2,15,0.4579189430709896,0.04314906292212032,-0.8879461695089916
36,51995,1500,-1,thrust,1,283,60,0.2,7,0,15,-0.5131898263549268,0.6960297764302265,0.5021740260589841
44,52455,1500,-1,thrust,1,284,60,0.12,4,0,15,0.5649172553500984,0.1885358947437069,-0.8033198061798935
57,52477,2000,-1,thrust,1,284,60,0.12,4,2,15,-0.46336512278694625,-0.29445290514982175,-0.8358171149440938
16,48690,1000,-1,thrust,1,286,60,0.2,7,0,15,-0.8508405007051163,0.21286232931924645,-0.48037492765198697
20,51864,1000,-1,thrust,1,287,60,0.09,3,1,15,0.23127846995451715,0.9728875933711445,-0.0
10,53558,500,-1,thrust,1,288,60,0.2,7,1,15,0.9981889171068041,0.06015717550837852,-0.0
55,51879,2000,-1,thrust,1,290,60,0.03,1,2,15,-0.15181872583316228,0.2304201783165078,-0.9611751223949689
59,52483,2000,-1,thrust,1,290,60,0.06,2,2,15,-0.47337232085718206,-0.297472758174,-0.8291131430574707
25,51896,1000,-1,thrust,1,291,60,0.03,1,2,15,0.638059449161935,-0.3096550728277588,-0.7049779253332712
28,51974,1000,-1,thrust,1,291,60,0.01,0,1,15,0.8065664320752337,0.5911434602948994,-0.0
7,52880,500,-1,thrust,1,294,60,0.18,6,2,15,0.030309382955931958,-0.9371922527174944,-0.34749391757430587
2,52837,500,-1,thrust,1,295,60,0.03,1,1,15,0.764620611104667,0.6444806599688819,-0.0
8,52882,500,-1,thrust,1,295,60,0.09,3,2,15,0.5283921863722127,-0.20555222400847592,-0.8237414525116254
15,54774,500,-1,thrust,1,295,60,0.06,2,0,15,0.6535242187108704,0.33175174681738984,0.680328504504961
33,51883,1500,-1,thrust,1,295,60,0.12,4,1,15,0.7123543160769639,0.7018200113750825,-0.0
35,51956,1500,-1,thrust,1,295,60,0.01,0,2,15,-0.08121990686420823,0.5442617049554401,-0.8349745644317358
21,51868,1000,-1,thrust,1,296,60,0.09,3,2,15,-0.6808293699633453,0.07286283946470913,-0.728808874548365
62,52840,2000,-1,thrust,1,296,60,0.15,5,0,15,-0.023237311060139983,-0.9988700840951543,0.04145578939585309
39,52002,1500,-1,thrust,1,297,60,0.15,5,1,15,0.9994616395973587,0.032809007503422236,-0.0
37,52000,1500,-1,thrust,1,299,60,0.03,1,1,15,0.7216540249130486,0.6922539045226087,-0.0
54,51865,2000,-1,thrust,1,303,60,0.01,0,1,15,-0.47889032952866006,-0.8778747361007329,0.0
31,51985,1000,-1,thrust,1,304,60,0.18,6,1,15,0.44709136275054234,-0.8944882969351041,0.0
27,51973,1000,-1,thrust,1,305,60,0.03,1,0,15,-0.4491900842296134,0.5951437689104238,0.6663573835089464
47,52467,1500,-1,thrust,1,305,60,0.15,5,0,15,0.9700182219974502,0.2228548312535571,-0.0969555216573765
9,53545,500,-1,thrust,1,308,60,0.09,3,0,15,0.5531631937173245,-0.7504077235415748,0.3617992945896955
29,51977,1000,-1,thrust,1,308,60,0.09,3,2,15,-0.6598049183685687,0.028357860320497256,-0.7509016589771855
13,54159,500,-1,thrust,1,310,60,0.06,2,0,15,0.32114388500174573,0.16093745024885286,-0.9332554538996187
34,51887,1500,-1,thrust,1,310,60,0.18,6,0,15,0.14671030519462822,-0.7599233990190405,-0.6332396970919048
51,51795,2000,-1,thrust,1,310,60,0.12,4,1,15,-0.9720705985788951,0.23468862643611108,0.0
53,51859,2000,-1,thrust,1,313,60,0.06,2,2,15,-0.5670202114279745,-0.0966885705056256,-0.8180094132500884
45,52456,1500,-1,thrust,1,316,60,0.12,4,1,15,-0.046979997787819874,0.9988958303085745,0.0
17,48696,1000,-1,thrust,1,318,60,0.18,6,1,15,0.6704558587606604,0.7419494197406622,-0.0
63,52859,2000,-1,thrust,1,318,60,0.03,1,1,15,0.8400667483793914,-0.5424830488294323,0.0
60,52485,2000,-1,thrust,1,320,60,0.06,2,2,15,-0.4902849610039377,-0.5011547158685338,-0.7130670429742891
4,52846,500,-1,thrust,1,321,60,0.18,6,2,15,0.40843602361309267,0.0042530516475586975,-0.9127770407754617
11,53571,500,-1,thrust,1,321,60,0.03,1,1,15,-0.9967789563033393,-0.0801979567746319,0.0
14,54773,500,-1,thrust,1,321,60,0.01,0,1,15,0.5741000128419962,0.818785182605804,-0.0
22,51873,1000,-1,thrust,1,322,60,0.15,5,1,15,0.6182668453012071,0.7859682614465379,-0.0
30,51984,1000,-1,thrust,1,322,60,0.09,3,0,15,0.9584756443222676,0.24116646671430456,0.15219452872410397
24,51884,1000,-1,thrust,1,324,60,0.01,0,2,15,-0.093631895780334,-0.9377898275063182,-0.33434010755255006
6,52871,500,-1,thrust,1,326,60,0.03,1,1,15,-0.7437232624473868,-0.6684876280789459,0.0
26,51968,1000,-1,thrust,1,327,60,0.09,3,0,15,0.7198212490359452,0.20071696242747908,-0.664507389296927
52,51799,2000,-1,thrust,1,327,60,0.09,3,2,15,0.056200620661308424,0.03770307332946203,-0.9977073561414673
12,54158,500,-1,thrust,1,328,60,0.15,5,1,15,0.9522190168766796,-0.0,0.3054160177502316
42,52139,1500,-1,thrust,1,329,60,0.01,0,2,15,-0.359488734919797,0.11476177935519337,-0.9260656474921171
32,51882,1500,-1,thrust,1,330,60,0.12,4,2,15,-0.4407519040500504,0.45948981247737947,-0.7711075614372861
48,48668,2000,-1,thrust,1,330,60,0.2,7,0,15,-0.8871411645368136,-0.29586719721781446,0.35417955304441445
56,52108,2000,-1,thrust,1,330,60,0.18,6,1,15,0.4438438821390897,-0.8961041280385343,0.0
58,52478,2000,-1,thrust,1,330,60,0.2,7,0,15,-0.8815952749419225,-0.39572898632426823,0.25727094780181337
61,52497,2000,-1,thrust,1,330,60,0.06,2,0,15,0.7274269695174777,0.4443489865451107,-0.5228804664308582
23,51881,1000,-1,thrust,1,332,60,0.12,4,0,15,-0.3754647560910247,-0.23432946322038506,0.8967251081576525
41,52132,1500,-1,thrust,1,332,60,0.12,4,0,15,-0.9545998159126211,0.08775134924947439,0.2846733077836535
3,52839,500,-1,thrust,2,465,60,0.09,3,1,15,-0.3692380744888563,-0.9293348397363363,0.0
46,52463,1500,-1,thrust,2,465,60,0.06,2,0,15,0.9702375698346246,0.2347413785257578,-0.059460434653883225
36,51995,1500,-1,thrust,2,468,60,0.18,6,1,15,0.48885168360073056,0.8723669133115556,-0.0
45,52456,1500,-1,thrust,2,469,60,0.09,3,2,15,0.3297631700484014,-0.19653594614543118,-0.9233795934242588
4,52846,500,-1,thrust,2,470,60,0.12,4,0,15,0.8006088202206526,-0.3128888456003166,0.5110049777485501
55,51879,2000,-1,thrust,2,471,60,0.15,5,1,15,-0.2817304415289935,-0.9594935947237366,0.0
5,52851,500,-1,thrust,2,472,60,0.06,2,1,15,0.5819377791021412,0.8132333129266578,-0.0
41,52132,1500,-1,thrust,2,473,60,0.01,0,1,15,0.6553894433329315,0.7552911210703792,-0.0
2,52837,500,-1,thrust,2,474,60,0.15,5,2,15,0.3300378655338171,-0.4080262696612172,-0.8512282717228286
34,51887,1500,-1,thrust,2,475,60,0.18,6,0,15,0.3275940543743119,0.3396406449605004,-0.8816611411587877
43,52453,1500,-1,thrust,2,475,60,0.15,5,0,15,-0.009530890904323542,-0.9989633568488425,0.04451262508392404
15,54774,500,-1,thrust,2,478,60,0.01,0,2,15,0.7585391357202246,-0.2641772475810055,-0.5956750468513339
38,52001,1500,-1,thrust,2,478,60,0.2,7,1,15,-0.8939520494918453,-0.44816261915662897,0.0
23,51881,1000,-1,thrust,2,479,60,0.01,0,1,15,-0.8612572511500498,0.5081692113277427,0.0
9,53545,500,-1,thrust,2,481,60,0.03,1,0,15,0.4092267938155817,-0.7973041444779106,0.4436660144993824
28,51974,1000,-1,thrust,2,481,60,0.18,6,0,15,-0.5517087251456654,0.023246480817615014,0.8337128304924549
53,51859,2000,-1,thrust,2,481,60,0.01,0,2,15,-0.3310422521243179,0.027083404828167644,-0.943227181802652
14,54773,500,-1,thrust,2,483,60,0.2,7,1,15,0.7974248054790013,0.6034183288621394,-0.0
61,52497,2000,-1,thrust,2,483,60,0.01,0,2,15,-0.3286708089425978,-0.16253508934481645,-0.9303536123865437
8,52882,500,-1,thrust,2,485,60,0.03,1,1,15,0.7238794409307671,0.6899264852125624,-0.0
31,51985,1000,-1,thrust,2,485,60,0.18,6,1,15,0.33377529966473646,-0.9426526663271662,0.0
62,52840,2000,-1,thrust,2,485,60,0.2,7,0,15,0.13199708356553688,-0.9816190849091129,-0.13784317927408835
12,54158,500,-1,thrust,2,486,60,0.09,3,2,15,-0.38003418085976837,-0.7520051389012348,-0.5385743146905348
25,51896,1000,-1,thrust,2,489,60,0.2,7,2,15,0.1677754741852495,-0.7353397418270772,-0.6566025086394373
40,52126,1500,-1,thrust,2,489,60,0.15,5,1,15,-0.5242342134105104,-0.851574124483514,0.0
39,52002,1500,-1,thrust,2,492,60,0.12,4,1,15,0.9735645149632997,0.22841220458696013,-0.0
47,52467,1500,-1,thrust,2,494,60,0.09,3,2,15,0.3361681865430646,-0.059893576581878265,-0.939895584541484
58,52478,2000,-1,thrust,2,495,60,0.12,4,1,15,-0.17886300326662585,0.983873988914456,0.0
59,52483,2000,-1,thrust,2,498,60,0.12,4,2,15,-0.3205117746424278,-0.1541024620191472,-0.9346253974267973
20,51864,1000,-1,thrust,2,501,60,0.06,2,0,15,-0.6117832556446976,-0.3787771265924713,0.694441600484249
21,51868,1000,-1,thrust,2,501,60,0.03,1,0,15,-0.6221579353703276,-0.3959329301852513,0.6753936764959028
29,51977,1000,-1,thrust,2,501,60,0.03,1,0,15,-0.6967936938971058,-0.3292326513450752,0.6372475260316973
49,48669,2000,-1,thrust,2,501,60,0.01,0,0,15,-0.8066750136108254,0.46480970207031463,-0.36500323735178025
6,52871,500,-1,thrust,2,502,60,0.06,2,2,15,0.28541946475994806,-0.6936884183449168,-0.6613109007042544
30,51984,1000,-1,thrust,2,503,60,0.2,7,1,15,0.008124443506767222,-0.9999669961642261,0.0
11,53571,500,-1,thrust,2,504,60,0.18,6,2,15,-0.006276413590322499,0.0497230678198466,-0.9987433219596648
24,51884,1000,-1,thrust,2,504,60,0.03,1,2,15,-0.02440414104858571,-0.7757716791880024,-0.6305416240578477
37,52000,1500,-1,thrust,2,504,60,0.03,1,0,15,-0.7168143310047421,0.26765320404118514,0.643847013841574
60,52485,2000,-1,thrust,2,504,60,0.09,3,2,15,-0.4678502343069232,-0.38021373102861566,-0.7978431405961052
16,48690,1000,-1,thrust,2,506,60,0.12,4,2,15,0.5231718706111343,-0.3914699280773316,-0.7569956995996578
35,51956,1500,-1,thrust,2,506,60,0.12,4,0,15,0.3259226556640043,0.44600743350531585,-0.8335777059056487
52,51799,2000,-1,thrust,2,506,60,0.12,4,0,15,0.18745018171626995,-0.5488695092972916,0.8146193535254903
63,52859,2000,-1,thrust,2,506,60,0.06,2,1,15,0.9000271669253862,-0.43583379721662585,0.0
32,51882,1500,-1,thrust,2,509,60,0.18,6,0,15,0.5372131923689125,0.3255530967162151,-0.7780855783031096
1,52501,500,-1,thrust,2,513,60,0.18,6,0,15,0.09704488523512464,-0.9934691090762173,-0.06001182850912398
0,52490,500,-1,thrust,2,518,60,0.01,0,1,15,0.9215938711082173,0.38815555739390173,-0.0
18,51855,1000,-1,thrust,2,520,60,0.01,0,2,15,0.29331232274918295,-0.07958843464482064,-0.9526980436603542
33,51883,1500,-1,thrust,2,520,60,0.12,4,1,15,-0.4589001451290294,0.8884878484259398,0.0
44,52455,1500,-1,thrust,2,521,60,0.2,7,1,15,-0.8512196877984138,-0.5248095303101601,0.0
7,52880,500,-1,thrust,2,523,60,0.06,2,0,15,-0.09501150629172048,-0.6196443779720945,0.7791108127344624
19,51863,1000,-1,thrust,2,523,60,0.2,7,2,15,0.49596424581817755,-0.34987219333702396,-0.7947382683623248
22,51873,1000,-1,thrust,2,523,60,0.15,5,0,15,-0.14319142870191565,0.6577156568754999,-0.7395311551565179
48,48668,2000,-1,thrust,2,525,60,0.03,1,2,15,0.35059603450625726,-0.21877418089969308,-0.9106153295218324
50,51788,2000,-1,thrust,2,528,60,0.18,6,0,15,0.4390813255114305,0.33614028170004323,-0.8331970358839142
10,53558,500,-1,thrust,2,530,60,0.09,3,2,15,0.027622365787254865,-0.18174377507289582,-0.9829578857359901
57,52477,2000,-1,thrust,2,530,60,0.06,2,2,15,-0.2651193706890051,-0.12273395445755424,-0.9563723624763929
27,51973,1000,-1,thrust,2,532,60,0.09,3,0,15,-0.5206223323672695,-0.11535335430019358,0.8459586223286328
54,51865,2000,-1,thrust,2,532,60,0.15,5,1,15,-0.017457943533483802,-0.9998475984906807,0.0
13,54159,500,-1,thrust,2,533,60,0.15,5,0,15,0.23526134013218625,0.5340122662102378,-0.8120855874698268
56,52108,2000,-1,thrust,2,533,60,0.09,3,1,15,-0.3727776457747975,-0.9279207007124044,0.0
42,52139,1500,-1,thrust,2,534,60,0.03,1,2,15,0.21198143382844822,-0.3001120951965003,-0.9300519351244864
51,51795,2000,-1,thrust,2,534,60,0.06,2,1,15,0.8656212625425291,-0.5006993407567837,0.0
17,48696,1000,-1,thrust,2,535,60,0.15,5,2,15,0.16758989742557523,-0.3305499709749745,-0.9287897194571699
26,51968,1000,-1,thrust,2,535,60,0.2,7,0,15,0.5712506787002044,0.5363559091617953,-0.6212849594121685
47,52467,1500,-1,thrust,0,80,60,0.2,7,0,20,0.7169240640700559,0.48643143437667824,-0.4994039907805322
53,51859,2000,-1,thrust,0,81,60,0.15,5,1,20,-0.5121758358340053,0.8588806163767687,0.0
56,52108,2000,-1,thrust,0,81,60,0.15,5,1,20,0.9260279678457876,-0.3774549016338259,0.0
28,51974,1000,-1,thrust,0,82,60,0.18,6,2,20,-0.06989051398484164,0.3236840690149035,-0.9435803831793504
44,52455,1500,-1,thrust,0,82,60,0.12,4,0,20,0.01036332867361193,0.6533971825124779,-0.7569443330282342
43,52453,1500,-1,thrust,0,83,60,0.15,5,1,20,0.7743451111100897,0.632763501554809,-0.0
4,52846,500,-1,thrust,0,84,60,0.06,2,2,20,0.10675113454211894,0.053584779526353196,-0.9928408063114058
36,51995,1500,-1,thrust,0,84,60,0.18,6,0,20,-0.28753394826042394,0.8758547228974922,0.3875599733924146
29,51977,1000,-1,thrust,0,85,60,0.18,6,0,20,-0.6253662310621593,0.531493265572445,0.5713422666828075
60,52485,2000,-1,thrust,0,86,60,0.09,3,0,20,-0.37714720257927686,-0.48518217444730016,0.7888968533244479
45,52456,1500,-1,thrust,0,87,60,0.09,3,2,20,-0.36119643791025474,-0.5578294508681106,-0.7472372026238558
26,51968,1000,-1,thrust,0,88,60,0.2,7,2,20,-0.3461721174250203,0.32539049254168156,-0.8799351637938786
12,54158,500,-1,thrust,0,89,60,0.03,1,0,20,0.2369999067756155,-0.6434674925038748,-0.7278603095918375
41,52132,1500,-1,thrust,0,89,60,0.2,7,2,20,-0.22836114757152184,-0.6996741077031667,-0.6769839948548231
16,48690,1000,-1,thrust,0,90,60,0.18,6,0,20,-0.9854108455831494,-0.11965083787652478,-0.12103364161483499
13,54159,500,-1,thrust,0,91,60,0.03,1,0,20,0.2682784181883618,-0.6009722819468176,-0.7529003962450712
32,51882,1500,-1,thrust,0,91,60,0.2,7,2,20,0.0011742302577426524,-0.05576042985696735,-0.9984434864555268
37,52000,1500,-1,thrust,0,91,60,0.09,3,1,20,0.9187518191186529,0.3948355288802747,-0.0
52,51799,2000,-1,thrust,0,91,60,0.06,2,2,20,-0.2387637067191025,-0.37674383455497634,-0.8950173045693399
57,52477,2000,-1,thrust,0,91,60,0.06,2,2,20,-0.5454118026488963,-0.407155322283145,-0.7326325880465525
58,52478,2000,-1,thrust,0,91,60,0.06,2,0,20,-0.6368516049667236,-0.5187145405006136,0.5703992099613617
34,51887,1500,-1,thrust,0,92,60,0.2,7,2,20,-0.029570113568910126,-0.16763639680511785,-0.9854053210987441
24,51884,1000,-1,thrust,0,93,60,0.18,6,2,20,-0.06709209943223246,-0.11480320029372977,-0.9911200105921044
14,54773,500,-1,thrust,0,94,60,0.01,0,2,20,-0.39277152228531026,-0.03341542259654942,-0.9190288030384978
23,51881,1000,-1,thrust,0,94,60,0.03,1,2,20,0.0017192774660800972,0.09857235095976567,-0.9951284016202429
5,52851,500,-1,thrust,0,95,60,0.15,5,1,20,-0.5719179899782888,0.8203108025249904,0.0
9,53545,500,-1,thrust,0,95,60,0.06,2,0,20,0.9200451902803344,-0.37924077677831947,-0.0984544619131113
19,51863,1000,-1,thrust,0,95,60,0.18,6,1,20,-0.6795604199258003,0.733619544225936,0.0
55,51879,2000,-1,thrust,0,95,60,0.15,5,2,20,-0.0070047138109215635,0.03792384026551547,-0.9992560814545702
38,52001,1500,-1,thrust,0,96,60,0.03,1,0,20,0.00034338195224490307,-0.9451317088159633,-0.32668935562618495
3,52839,500,-1,thrust,0,98,60,0.06,2,1,20,0.4314141970991478,-0.9021539727459486,0.0
40,52126,1500,-1,thrust,0,99,60,0.01,0,2,20,-0.37102876557631337,-0.48723743837555505,-0.790529780438501
50,51788,2000,-1,thrust,0,99,60,0.09,3,0,20,-0.22397266690484033,-0.9391208830805737,0.2605536632663157
59,52483,2000,-1,thrust,0,99,60,0.01,0,1,20,0.5950259851251836,-0.8037064619783797,0.0
2,52837,500,-1,thrust,0,101,60,0.01,0,1,20,0.6912626215945178,0.7226036174738365,-0.0
27,51973,1000,-1,thrust,0,101,60,0.18,6,0,20,-0.20602457481362957,0.918211454147704,0.3382921814716119
49,48669,2000,-1,thrust,0,101,60,0.12,4,1,20,-0.9701595435875701,0.24246744108427795,0.0
7,52880,500,-1,thrust,0,102,60,0.03,1,2,20,0.04991535957773179,0.7469843035977369,-0.6629652381964155
51,51795,2000,-1,thrust,0,102,60,0.2,7,1,20,-0.9477215440949934,0.3190985347164751,0.0
46,52463,1500,-1,thrust,0,103,60,0.12,4,0,20,0.689950292428007,0.4753592060366131,-0.5458957951979007
17,48696,1000,-1,thrust,0,105,60,0.06,2,2,20,-0.45896871376812537,-0.666287003477219,-0.5877153637428418
11,53571,500,-1,thrust,0,106,60,0.12,4,1,20,0.9997825470980822,0.0,-0.02085326156913863
42,52139,1500,-1,thrust,0,107,60,0.06,2,2,20,-0.17401472264697312,-0.7581910792942768,-0.6283829752473222
33,51883,1500,-1,thrust,0,108,60,0.12,4,0,20,-0.17863152231969545,0.9830142755479372,0.04211547581011368
54,51865,2000,-1,thrust,0,108,60,0.2,7,2,20,-0.2511389970306342,0.30269997928171527,-0.9194030273570434
10,53558,500,-1,thrust,0,109,60,0.03,1,1,20,0.969973363008359,-0.24321117378577473,0.0
39,52002,1500,-1,thrust,0,109,60,0.09,3,1,20,0.9945209043052959,-0.1045378921720565,0.0
6,52871,500,-1,thrust,0,110,60,0.01,0,1,20,0.26253000273709753,-0.9649238299797863,0.0
22,51873,1000,-1,thrust,0,110,60,0.12,4,0,20,-0.781838648571064,-0.5984232743269459,0.17497974838360358
63,52859,2000,-1,thrust,0,110,60,0.12,4,1,20,0.757702651224735,-0.652599948151245,0.0
0,52490,500,-1,thrust,0,111,60,0.03,1,1,20,0.04843848914982348,0.9988261674430052,-0.0
15,54774,500,-1,thrust,0,111,60,0.18,6,0,20,0.5569779931821419,0.7587698370516608,0.33770378957214864
62,52840,2000,-1,thrust,0,113,60,0.01,0,0,20,-0.11540927905317126,-0.9864669347833841,0.11646323405908723
35,51956,1500,-1,thrust,0,115,60,0.15,5,1,20,-0.9873561495694151,0.15851761387132607,0.0
18,51855,1000,-1,thrust,0,116,60,0.09,3,1,20,-0.6592545352520005,0.7519198479556638,0.0
20,51864,1000,-1,thrust,0,116,60,0.15,5,2,20,-0.29717700358226473,0.3778638234358428,-0.8768721454581123
30,51984,1000,-1,thrust,0,116,60,0.09,3,0,20,0.9105470942817955,0.3881380355514391,-0.14231252388053822
1,52501,500,-1,thrust,0,118,60,0.01,0,2,20,0.028260004499950583,-0.9463060921516167,0.32203439583746163
31,51985,1000,-1,thrust,0,118,60,0.09,3,0,20,0.8643454845648026,0.4873265281466417,0.12417623877770316
61,52497,2000,-1,thrust,0,118,60,0.03,1,1,20,0.5986538291144207,-0.8010078606896701,0.0
8,52882,500,-1,thrust,0,119,60,0.12,4,2,20,0.15901779388690968,0.04954889188776685,-0.986031565691502
25,51896,1000,-1,thrust,0,119,60,0.01,0,0,20,0.7620056858049747,0.6352777444647487,-0.12557675815480923
21,51868,1000,-1,thrust,0,120,60,0.2,7,0,20,-0.6001060217290566,0.6122005760057698,0.5148623286109877
48,48668,2000,-1,thrust,0,120,60,0.15,5,1,20,-0.9527186553851497,0.3038538525033252,0.0
19,51863,1000,-1,thrust,1,266,60,0.06,2,0,20,-0.9621653465509544,-0.27209969517920385,-0.014128049400610224
5,52851,500,-1,thrust,1,267,60,0.01,0,0,20,-0.8595127047061244,0.017201566469772944,-0.5108248394114646
43,52453,1500,-1,thrust,1,269,60,0.15,5,2,20,0.7996747412931469,0.216555664770024,-0.5600213854789403
40,52126,1500,-1,thrust,1,271,60,0.2,7,2,20,-0.1801733399401058,-0.04493429608272394,-0.9826079974284645
49,48669,2000,-1,thrust,1,271,60,0.2,7,2,20,-0.45313991996316305,-0.38055311308462,-0.8061287372730133
1,52501,500,-1,thrust,1,272,60,0.18,6,0,20,-0.0003838748504902243,-0.8669573741869065,-0.49838214653320334
18,51855,1000,-1,thrust,1,275,60,0.2,7,2,20,-0.23727887273473897,-0.09233304119369264,-0.9670436112490768
38,52001,1500,-1,thrust,1,275,60,0.01,0,0,20,0.15648524283067097,-0.8899531232171473,-0.42836410593357505
46,52463,1500,-1,thrust,1,277,60,0.15,5,0,20,0.8332890165640227,0.41386180262076,-0.3665348867505781
50,51788,2000,-1,thrust,1,278,60,0.18,6,1,20,-0.9992874505458933,0.037743756854464156,0.0
0,52490,500,-1,thrust,1,281,60,0.06,2,1,20,0.758761429789647,0.6513686303957005,-0.0
3,52839,500,-1,thrust,1,283,60,0.15,5,2,20,0.4579189430710723,0.043149062922128334,-0.8879461695089483
36,51995,1500,-1,thrust,1,283,60,0.2,7,0,20,-0.5131898263549272,0.6960297764302339,0.5021740260589735
44,52455,1500,-1,thrust,1,284,60,0.12,4,0,20,0.564917255350138,0.18853589474375806,-0.8033198061798537
57,52477,2000,-1,thrust,1,284,60,0.12,4,2,20,-0.4633651227869527,-0.2944529051498279,-0.835817114944088
16,48690,1000,-1,thrust,1,286,60,0.2,7,0,20,-0.8508405007051173,0.21286232931926075,-0.48037492765197887
20,51864,1000,-1,thrust,1,287,60,0.09,3,1,20,0.231278469954516,0.9728875933711448,-0.0
10,53558,500,-1,thrust,1,288,60,0.2,7,1,20,0.998188917106806,0.06015717550834568,-0.0
55,51879,2000,-1,thrust,1,290,60,0.03,1,2,20,-0.15181872583312,0.23042017831644718,-0.9611751223949904
59,52483,2000,-1,thrust,1,290,60,0.06,2,2,20,-0.47337232085719066,-0.2974727581740041,-0.8291131430574644
25,51896,1000,-1,thrust,1,291,60,0.03,1,2,20,0.6380594491619399,-0.3096550728277463,-0.7049779253332722
28,51974,1000,-1,thrust,1,291,60,0.01,0,1,20,0.8065664320752002,0.5911434602949454,-0.0
7,52880,500,-1,thrust,1,294,60,0.18,6,2,20,0.030309382955936978,-0.9371922527175018,-0.3474939175742854
2,52837,500,-1,thrust,1,295,60,0.03,1,1,20,0.7646206111046637,0.6444806599688857,-0.0
8,52882,500,-1,thrust,1,295,60,0.09,3,2,20,0.5283921863722755,-0.2055522240085395,-0.8237414525115692
15,54774,500,-1,thrust,1,295,60,0.06,2,0,20,0.6535242187108972,0.33175174681736497,0.6803285045049474
33,51883,1500,-1,thrust,1,295,60,0.12,4,1,20,0.7123543160769901,0.701820011375056,-0.0
35,51956,1500,-1,thrust,1,295,60,0.01,0,2,20,-0.08121990686421297,0.5442617049555006,-0.8349745644316959
21,51868,1000,-1,thrust,1,296,60,0.09,3,2,20,-0.6808293699633718,0.07286283946474596,-0.7288088745483363
62,52840,2000,-1,thrust,1,296,60,0.15,5,0,20,-0.023237311060144594,-0.9988700840951539,0.04145578939586272
39,52002,1500,-1,thrust,1,297,60,0.15,5,1,20,0.9994616395973575,0.03280900750345917,-0.0
37,52000,1500,-1,thrust,1,299,60,0.03,1,1,20,0.7216540249130878,0.6922539045225679,-0.0
54,51865,2000,-1,thrust,1,303,60,0.01,0,1,20,-0.4788903295286766,-0.8778747361007239,0.0
31,51985,1000,-1,thrust,1,304,60,0.18,6,1,20,0.4470913627504885,-0.894488296935131,0.0
27,51973,1000,-1,thrust,1,305,60,0.03,1,0,20,-0.44919008422964096,0.5951437689103849,0.6663573835089625
47,52467,1500,-1,thrust,1,305,60,0.15,5,0,20,0.970018221997458,0.22285483125353617,-0.09695552165734656
9,53545,500,-1,thrust,1,308,60,0.09,3,0,20,0.5531631937172956,-0.7504077235415892,0.36179929458970955
29,51977,1000,-1,thrust,1,308,60,0.09,3,2,20,-0.6598049183685545,0.02835786032049002,-0.7509016589771983
13,54159,500,-1,thrust,1,310,60,0.06,2,0,20,0.32114388500178515,0.16093745024886844,-0.9332554538996025
34,51887,1500,-1,thrust,1,310,60,0.18,6,0,20,0.14671030519464082,-0.7599233990190472,-0.633239697091894
51,51795,2000,-1,thrust,1,310,60,0.12,4,1,20,-0.9720705985789144,0.23468862643603072,0.0
53,51859,2000,-1,thrust,1,313,60,0.06,2,2,20,-0.5670202114280074,-0.09668857050563369,-0.8180094132500645
45,52456,1500,-1,thrust,1,316,60,0.12,4,1,20,-0.04697999778783022,0.998895830308574,0.0
17,48696,1000,-1,thrust,1,318,60,0.18,6,1,20,0.6704558587606645,0.7419494197406585,-0.0
63,52859,2000,-1,thrust,1,318,60,0.03,1,1,20,0.8400667483793933,-0.5424830488294294,0.0
60,52485,2000,-1,thrust,1,320,60,0.06,2,2,20,-0.490284961003953,-0.5011547158685293,-0.7130670429742818
4,52846,500,-1,thrust,1,321,60,0.18,6,2,20,0.40843602361309445,0.004253051647563401,-0.9127770407754605
11,53571,500,-1,thrust,1,321,60,0.03,1,1,20,-0.9967789563033381,-0.08019795677464532,0.0
14,54773,500,-1,thrust,1,321,60,0.01,0,1,20,0.5741000128419171,0.8187851826058593,-0.0
22,51873,1000,-1,thrust,1,322,60,0.15,5,1,20,0.6182668453012334,0.7859682614465172,-0.0
30,51984,1000,-1,thrust,1,322,60,0.09,3,0,20,0.9584756443222828,0.24116646671427802,0.15219452872405004
24,51884,1000,-1,thrust,1,324,60,0.01,0,2,20,-0.09363189578035654,-0.9377898275062974,-0.3343401075526021
6,52871,500,-1,thrust,1,326,60,0.03,1,1,20,-0.7437232624473719,-0.6684876280789627,0.0
26,51968,1000,-1,thrust,1,327,60,0.09,3,0,20,0.7198212490359537,0.20071696242751125,-0.664507389296908
52,51799,2000,-1,thrust,1,327,60,0.09,3,2,20,0.05620062066127173,0.0377030733294309,-0.9977073561414707
12,54158,500,-1,thrust,1,328,60,0.15,5,1,20,0.952219016876682,-0.0,0.3054160177502242
42,52139,1500,-1,thrust,1,329,60,0.01,0,2,20,-0.35948873491985245,0.11476177935522351,-0.9260656474920916
32,51882,1500,-1,thrust,1,330,60,0.12,4,2,20,-0.4407519040500026,0.45948981247740905,-0.7711075614372958
48,48668,2000,-1,thrust,1,330,60,0.2,7,0,20,-0.8871411645368287,-0.2958671972178188,0.35417955304437265
56,52108,2000,-1,thrust,1,330,60,0.18,6,1,20,0.4438438821391024,-0.896104128038528,0.0
58,52478,2000,-1,thrust,1,330,60,0.2,7,0,20,-0.8815952749419246,-0.3957289863242475,0.2572709478018381
61,52497,2000,-1,thrust,1,330,60,0.06,2,0,20,0.7274269695174878,0.44434898654512156,-0.5228804664308347
23,51881,1000,-1,thrust,1,332,60,0.12,4,0,20,-0.375464756091083,-0.23432946322037643,0.8967251081576303
41,52132,1500,-1,thrust,1,332,60,0.12,4,0,20,-0.9545998159125962,0.08775134924950517,0.28467330778372735
3,52839,500,-1,thrust,2,465,60,0.09,3,1,20,-0.369238074488909,-0.9293348397363154,0.0
46,52463,1500,-1,thrust,2,465,60,0.06,2,0,20,0.970237569834618,0.23474137852580196,-0.05946043465381758
36,51995,1500,-1,thrust,2,468,60,0.18,6,1,20,0.4888516836007232,0.8723669133115597,-0.0
45,52456,1500,-1,thrust,2,469,60,0.09,3,2,20,0.32976317004840355,-0.19653594614543277,-0.9233795934242576
4,52846,500,-1,thrust,2,470,60,0.12,4,0,20,0.8006088202206353,-0.31288884560033114,0.5110049777485682
55,51879,2000,-1,thrust,2,471,60,0.15,5,1,20,-0.28173044152900445,-0.9594935947237336,0.0
5,52851,500,-1,thrust,2,472,60,0.06,2,1,20,0.5819377791020851,0.8132333129266981,-0.0
41,52132,1500,-1,thrust,2,473,60,0.01,0,1,20,0.6553894433329537,0.7552911210703599,-0.0
2,52837,500,-1,thrust,2,474,60,0.15,5,2,20,0.3300378655338174,-0.40802626966120725,-0.8512282717228332
34,51887,1500,-1,thrust,2,475,60,0.18,6,0,20,0.3275940543742948,0.3396406449605061,-0.8816611411587918
43,52453,1500,-1,thrust,2,475,60,0.15,5,0,20,-0.009530890904324955,-0.9989633568488423,0.04451262508392881
15,54774,500,-1,thrust,2,478,60,0.01,0,2,20,0.7585391357202185,-0.26417724758097166,-0.5956750468513567
38,52001,1500,-1,thrust,2,478,60,0.2,7,1,20,-0.8939520494918841,-0.4481626191565513,0.0
23,51881,1000,-1,thrust,2,479,60,0.01,0,1,20,-0.8612572511500369,0.5081692113277647,0.0
9,53545,500,-1,thrust,2,481,60,0.03,1,0,20,0.4092267938156109,-0.7973041444779033,0.4436660144993688
28,51974,1000,-1,thrust,2,481,60,0.18,6,0,20,-0.5517087251456649,0.023246480817527775,0.8337128304924577
53,51859,2000,-1,thrust,2,481,60,0.01,0,2,20,-0.33104225212433397,0.027083404828172702,-0.9432271818026463
14,54773,500,-1,thrust,2,483,60,0.2,7,1,20,0.7974248054789689,0.6034183288621822,-0.0
61,52497,2000,-1,thrust,2,483,60,0.01,0,2,20,-0.3286708089425731,-0.16253508934480476,-0.9303536123865543
8,52882,500,-1,thrust,2,485,60,0.03,1,1,20,0.7238794409307985,0.6899264852125295,-0.0
31,51985,1000,-1,thrust,2,485,60,0.18,6,1,20,0.33377529966467284,-0.9426526663271885,0.0
62,52840,2000,-1,thrust,2,485,60,0.2,7,0,20,0.13199708356550305,-0.9816190849091102,-0.13784317927414022
12,54158,500,-1,thrust,2,486,60,0.09,3,2,20,-0.3800341808597187,-0.7520051389012591,-0.5385743146905361
25,51896,1000,-1,thrust,2,489,60,0.2,7,2,20,0.1677754741852581,-0.7353397418270924,-0.656602508639418
40,52126,1500,-1,thrust,2,489,60,0.15,5,1,20,-0.52423421341049,-0.8515741244835265,0.0
39,52002,1500,-1,thrust,2,492,60,0.12,4,1,20,0.9735645149632918,0.2284122045869938,-0.0
47,52467,1500,-1,thrust,2,494,60,0.09,3,2,20,0.3361681865430684,-0.05989357658188623,-0.9398955845414821
58,52478,2000,-1,thrust,2,495,60,0.12,4,1,20,-0.17886300326661075,0.9838739889144588,0.0
59,52483,2000,-1,thrust,2,498,60,0.12,4,2,20,-0.3205117746423907,-0.15410246201914232,-0.9346253974268108
20,51864,1000,-1,thrust,2,501,60,0.06,2,0,20,-0.6117832556447175,-0.37877712659247437,0.69444160048423
21,51868,1000,-1,thrust,2,501,60,0.03,1,0,20,-0.6221579353703105,-0.3959329301852396,0.6753936764959254
29,51977,1000,-1,thrust,2,501,60,0.03,1,0,20,-0.6967936938971269,-0.32923265134511015,0.6372475260316561
49,48669,2000,-1,thrust,2,501,60,0.01,0,0,20,-0.8066750136108186,0.46480970207033967,-0.3650032373517635
6,52871,500,-1,thrust,2,502,60,0.06,2,2,20,0.2854194647599672,-0.6936884183449135,-0.66131090070425
30,51984,1000,-1,thrust,2,503,60,0.2,7,1,20,0.008124443506692558,-0.9999669961642267,0.0
11,53571,500,-1,thrust,2,504,60,0.18,6,2,20,-0.006276413590317511,0.04972306781979845,-0.998743321959667
24,51884,1000,-1,thrust,2,504,60,0.03,1,2,20,-0.02440414104861527,-0.7757716791879934,-0.6305416240578573
37,52000,1500,-1,thrust,2,504,60,0.03,1,0,20,-0.7168143310047259,0.2676532040412133,0.6438470138415803
60,52485,2000,-1,thrust,2,504,60,0.09,3,2,20,-0.4678502343069552,-0.3802137310286443,-0.7978431405960729
16,48690,1000,-1,thrust,2,506,60,0.12,4,2,20,0.5231718706111413,-0.3914699280773478,-0.7569956995996445
35,51956,1500,-1,thrust,2,506,60,0.12,4,0,20,0.3259226556639895,0.4460074335052729,-0.8335777059056774
52,51799,2000,-1,thrust,2,506,60,0.12,4,0,20,0.18745018171633188,-0.5488695092972997,0.8146193535254707
63,52859,2000,-1,thrust,2,506,60,0.06,2,1,20,0.9000271669253868,-0.43583379721662496,0.0
32,51882,1500,-1,thrust,2,509,60,0.18,6,0,20,0.5372131923689102,0.3255530967162397,-0.778085578303101
1,52501,500,-1,thrust,2,513,60,0.18,6,0,20,0.09704488523516472,-0.9934691090762131,-0.06001182850912874
0,52490,500,-1,thrust,2,518,60,0.01,0,1,20,0.9215938711082535,0.3881555573938156,-0.0
18,51855,1000,-1,thrust,2,520,60,0.01,0,2,20,0.29331232274917635,-0.07958843464480223,-0.9526980436603578
33,51883,1500,-1,thrust,2,520,60,0.12,4,1,20,-0.4589001451290655,0.8884878484259211,0.0
44,52455,1500,-1,thrust,2,521,60,0.2,7,1,20,-0.8512196877984158,-0.5248095303101568,0.0
7,52880,500,-1,thrust,2,523,60,0.06,2,0,20,-0.09501150629172572,-0.6196443779720947,0.7791108127344617
19,51863,1000,-1,thrust,2,523,60,0.2,7,2,20,0.4959642458182251,-0.34987219333704483,-0.7947382683622858
22,51873,1000,-1,thrust,2,523,60,0.15,5,0,20,-0.14319142870193136,0.6577156568754894,-0.7395311551565242
48,48668,2000,-1,thrust,2,525,60,0.03,1,2,20,0.3505960345063122,-0.2187741808997366,-0.9106153295218009
50,51788,2000,-1,thrust,2,528,60,0.18,6,0,20,0.43908132551141954,0.3361402817000716,-0.8331970358839086
10,53558,500,-1,thrust,2,530,60,0.09,3,2,20,0.027622365787248554,-0.18174377507289816,-0.9829578857359899
57,52477,2000,-1,thrust,2,530,60,0.06,2,2,20,-0.2651193706890301,-0.12273395445756397,-0.9563723624763847
27,51973,1000,-1,thrust,2,532,60,0.09,3,0,20,-0.5206223323672479,-0.1153533543002274,0.8459586223286414
54,51865,2000,-1,thrust,2,532,60,0.15,5,1,20,-0.0174579435334782,-0.9998475984906808,0.0
13,54159,500,-1,thrust,2,533,60,0.15,5,0,20,0.23526134013225888,0.5340122662102736,-0.8120855874697822
56,52108,2000,-1,thrust,2,533,60,0.09,3,1,20,-0.3727776457748232,-0.9279207007123941,0.0
42,52139,1500,-1,thrust,2,534,60,0.03,1,2,20,0.21198143382842924,-0.3001120951964792,-0.9300519351244978
51,51795,2000,-1,thrust,2,534,60,0.06,2,1,20,0.8656212625424342,-0.5006993407569478,0.0
17,48696,1000,-1,thrust,2,535,60,0.15,5,2,20,0.16758989742559596,-0.33054997097501637,-0.9287897194571515
26,51968,1000,-1,thrust,2,535,60,0.2,7,0,20,0.5712506787002024,0.5363559091618182,-0.6212849594121503
