target,norad,epoch_utc,frame,position_unit,velocity_unit
0,52490,2026-08-23T04:42:22.393115+00:00,initial TEME orientation; approximate inertial propagation thereafter,m,m/s
1,52501,2026-08-23T02:11:18.191503+00:00,initial TEME orientation; approximate inertial propagation thereafter,m,m/s
2,52837,2026-08-23T00:04:41.867051+00:00,initial TEME orientation; approximate inertial propagation thereafter,m,m/s
3,52839,2026-08-23T02:25:23.927793+00:00,initial TEME orientation; approximate inertial propagation thereafter,m,m/s
4,52846,2026-08-23T05:46:12.547842+00:00,initial TEME orientation; approximate inertial propagation thereafter,m,m/s
5,52851,2026-08-23T00:11:30.542635+00:00,initial TEME orientation; approximate inertial propagation thereafter,m,m/s
6,52871,2026-08-23T02:46:40.168562+00:00,initial TEME orientation; approximate inertial propagation thereafter,m,m/s
7,52880,2026-08-23T01:06:33.460485+00:00,initial TEME orientation; approximate inertial propagation thereafter,m,m/s
8,52882,2026-08-23T03:34:47.089242+00:00,initial TEME orientation; approximate inertial propagation thereafter,m,m/s
9,53545,2026-08-23T00:31:54.630799+00:00,initial TEME orientation; approximate inertial propagation thereafter,m,m/s
10,53558,2026-08-23T03:00:52.444204+00:00,initial TEME orientation; approximate inertial propagation thereafter,m,m/s
11,53571,2026-08-23T00:30:31.556343+00:00,initial TEME orientation; approximate inertial propagation thereafter,m,m/s
12,54158,2026-08-23T03:35:06.913094+00:00,initial TEME orientation; approximate inertial propagation thereafter,m,m/s
13,54159,2026-08-23T01:54:33.575866+00:00,initial TEME orientation; approximate inertial propagation thereafter,m,m/s
14,54773,2026-08-23T03:05:04.283861+00:00,initial TEME orientation; approximate inertial propagation thereafter,m,m/s
15,54774,2026-08-23T00:56:32.041853+00:00,initial TEME orientation; approximate inertial propagation thereafter,m,m/s
16,48690,2026-08-23T03:03:58.719602+00:00,initial TEME orientation; approximate inertial propagation thereafter,m,m/s
17,48696,2026-08-23T04:39:37.151875+00:00,initial TEME orientation; approximate inertial propagation thereafter,m,m/s
18,51855,2026-08-23T05:11:10.449024+00:00,initial TEME orientation; approximate inertial propagation thereafter,m,m/s
19,51863,2026-08-23T03:33:16.573342+00:00,initial TEME orientation; approximate inertial propagation thereafter,m,m/s
20,51864,2026-08-23T02:46:58.039150+00:00,initial TEME orientation; approximate inertial propagation thereafter,m,m/s
21,51868,2026-08-23T01:06:38.106003+00:00,initial TEME orientation; approximate inertial propagation thereafter,m,m/s
22,51873,2026-08-23T05:16:52.303200+00:00,initial TEME orientation; approximate inertial propagation thereafter,m,m/s
23,51881,2026-08-23T02:46:45.505768+00:00,initial TEME orientation; approximate inertial propagation thereafter,m,m/s
24,51884,2026-08-23T04:26:40.383396+00:00,initial TEME orientation; approximate inertial propagation thereafter,m,m/s
25,51896,2026-08-23T01:05:03.955362+00:00,initial TEME orientation; approximate inertial propagation thereafter,m,m/s
26,51968,2026-08-23T05:19:59.530242+00:00,initial TEME orientation; approximate inertial propagation thereafter,m,m/s
27,51973,2026-08-23T02:43:01.599177+00:00,initial TEME orientation; approximate inertial propagation thereafter,m,m/s
28,51974,2026-08-23T04:23:49.966760+00:00,initial TEME orientation; approximate inertial propagation thereafter,m,m/s
29,51977,2026-08-23T04:27:39.717214+00:00,initial TEME orientation; approximate inertial propagation thereafter,m,m/s
30,51984,2026-08-23T05:34:48.563997+00:00,initial TEME orientation; approximate inertial propagation thereafter,m,m/s
31,51985,2026-08-23T03:58:22.721370+00:00,initial TEME orientation; approximate inertial propagation thereafter,m,m/s
32,51882,2026-08-23T01:54:51.639245+00:00,initial TEME orientation; approximate inertial propagation thereafter,m,m/s
33,51883,2026-08-23T01:04:57.484670+00:00,initial TEME orientation; approximate inertial propagation thereafter,m,m/s
34,51887,2026-08-23T01:54:27.178443+00:00,initial TEME orientation; approximate inertial propagation thereafter,m,m/s
35,51956,2026-08-23T00:13:48.557294+00:00,initial TEME orientation; approximate inertial propagation thereafter,m,m/s
36,51995,2026-08-23T01:01:03.645936+00:00,initial TEME orientation; approximate inertial propagation thereafter,m,m/s
37,52000,2026-08-23T01:00:47.386842+00:00,initial TEME orientation; approximate inertial propagation thereafter,m,m/s
38,52001,2026-08-23T03:27:28.745172+00:00,initial TEME orientation; approximate inertial propagation thereafter,m,m/s
39,52002,2026-08-23T00:54:20.950990+00:00,initial TEME orientation; approximate inertial propagation thereafter,m,m/s
40,52126,2026-08-23T00:27:41.819237+00:00,initial TEME orientation; approximate inertial propagation thereafter,m,m/s
41,52132,2026-08-23T01:17:00.243332+00:00,initial TEME orientation; approximate inertial propagation thereafter,m,m/s
42,52139,2026-08-23T00:26:42.149743+00:00,initial TEME orientation; approximate inertial propagation thereafter,m,m/s
43,52453,2026-08-23T02:06:21.079105+00:00,initial TEME orientation; approximate inertial propagation thereafter,m,m/s
44,52455,2026-08-23T03:47:46.436157+00:00,initial TEME orientation; approximate inertial propagation thereafter,m,m/s
45,52456,2026-08-23T04:39:05.154205+00:00,initial TEME orientation; approximate inertial propagation thereafter,m,m/s
46,52463,2026-08-23T00:25:58.144388+00:00,initial TEME orientation; approximate inertial propagation thereafter,m,m/s
47,52467,2026-08-23T05:29:46.287547+00:00,initial TEME orientation; approximate inertial propagation thereafter,m,m/s
48,48668,2026-08-23T01:16:53.743408+00:00,initial TEME orientation; approximate inertial propagation thereafter,m,m/s
49,48669,2026-08-23T04:38:15.907496+00:00,initial TEME orientation; approximate inertial propagation thereafter,m,m/s
50,51788,2026-08-23T05:15:03.770545+00:00,initial TEME orientation; approximate inertial propagation thereafter,m,m/s
51,51795,2026-08-23T00:12:29.634679+00:00,initial TEME orientation; approximate inertial propagation thereafter,m,m/s
52,51799,2026-08-23T01:02:23.351855+00:00,initial TEME orientation; approximate inertial propagation thereafter,m,m/s
53,51859,2026-08-23T00:06:23.978557+00:00,initial TEME orientation; approximate inertial propagation thereafter,m,m/s
54,51865,2026-08-23T05:17:21.735745+00:00,initial TEME orientation; approximate inertial propagation thereafter,m,m/s
55,51879,2026-08-23T05:15:53.254389+00:00,initial TEME orientation; approximate inertial propagation thereafter,m,m/s
56,52108,2026-08-23T05:27:58.519604+00:00,initial TEME orientation; approximate inertial propagation thereafter,m,m/s
57,52477,2026-08-23T01:12:10.783886+00:00,initial TEME orientation; approximate inertial propagation thereafter,m,m/s
58,52478,2026-08-23T02:56:36.184497+00:00,initial TEME orientation; approximate inertial propagation thereafter,m,m/s
59,52483,2026-08-23T03:43:13.892359+00:00,initial TEME orientation; approximate inertial propagation thereafter,m,m/s
60,52485,2026-08-23T02:49:39.564069+00:00,initial TEME orientation; approximate inertial propagation thereafter,m,m/s
61,52497,2026-08-23T03:43:17.707382+00:00,initial TEME orientation; approximate inertial propagation thereafter,m,m/s
62,52840,2026-08-23T01:47:35.231027+00:00,initial TEME orientation; approximate inertial propagation thereafter,m,m/s
63,52859,2026-08-23T04:00:40.541108+00:00,initial TEME orientation; approximate inertial propagation thereafter,m,m/s
